-- MySQL dump 10.13  Distrib 5.1.41, for Win32 (ia32)
--
-- Host: localhost    Database: dstcs
-- ------------------------------------------------------
-- Server version	5.1.41-community

/*!40101 SET @OLD_CHARACTER_SET_CLIENT=@@CHARACTER_SET_CLIENT */;
/*!40101 SET @OLD_CHARACTER_SET_RESULTS=@@CHARACTER_SET_RESULTS */;
/*!40101 SET @OLD_COLLATION_CONNECTION=@@COLLATION_CONNECTION */;
/*!40101 SET NAMES utf8 */;
/*!40103 SET @OLD_TIME_ZONE=@@TIME_ZONE */;
/*!40103 SET TIME_ZONE='+00:00' */;
/*!40014 SET @OLD_UNIQUE_CHECKS=@@UNIQUE_CHECKS, UNIQUE_CHECKS=0 */;
/*!40014 SET @OLD_FOREIGN_KEY_CHECKS=@@FOREIGN_KEY_CHECKS, FOREIGN_KEY_CHECKS=0 */;
/*!40101 SET @OLD_SQL_MODE=@@SQL_MODE, SQL_MODE='NO_AUTO_VALUE_ON_ZERO' */;
/*!40111 SET @OLD_SQL_NOTES=@@SQL_NOTES, SQL_NOTES=0 */;

--
-- Table structure for table `display_models`
--

DROP TABLE IF EXISTS `display_models`;
/*!40101 SET @saved_cs_client     = @@character_set_client */;
/*!40101 SET character_set_client = utf8 */;
CREATE TABLE `display_models` (
  `id` int(10) unsigned NOT NULL AUTO_INCREMENT,
  `name` varchar(256) DEFAULT NULL,
  `tag_PowerStatus` varchar(40) DEFAULT NULL,
  `tag_InputSelect` varchar(40) DEFAULT NULL,
  `tag_AspectRatio` varchar(40) DEFAULT NULL,
  `tag_PictureMode` varchar(40) DEFAULT NULL,
  `tag_Temp` varchar(40) DEFAULT NULL,
  `tag_Fan` varchar(40) DEFAULT NULL,
  `tag_Signal` varchar(40) DEFAULT NULL,
  `tag_Lamp` varchar(40) DEFAULT NULL,
  `tag_SerialNo` varchar(40) DEFAULT NULL,
  `tag_FirmwareVer` varchar(40) DEFAULT NULL,
  `tag_MonitorStatus` varchar(40) DEFAULT NULL,
  `tag_RemoteControl` varchar(40) DEFAULT NULL,
  `tag_EnergySaving` varchar(40) DEFAULT NULL,
  `tag_Backlight` varchar(40) DEFAULT NULL,
  `tag_Constrast` varchar(40) DEFAULT NULL,
  `tag_Brightness` varchar(40) DEFAULT NULL,
  `tag_Sharpness` varchar(40) DEFAULT NULL,
  `tag_Color` varchar(40) DEFAULT NULL,
  `tag_Tint` varchar(40) DEFAULT NULL,
  `tag_ColorTemp` varchar(40) DEFAULT NULL,
  `tag_Speaker` varchar(40) DEFAULT NULL,
  `tag_SoundMode` varchar(40) DEFAULT NULL,
  `tag_Balance` varchar(40) DEFAULT NULL,
  `tag_VolumControl` varchar(40) DEFAULT NULL,
  `tag_VolumMute` varchar(40) DEFAULT NULL,
  `tag_Treble` varchar(40) DEFAULT NULL,
  `tag_Bass` varchar(40) DEFAULT NULL,
  `tag_AutoVolume` varchar(40) DEFAULT NULL,
  `tag_Date` varchar(40) DEFAULT NULL,
  `tag_Time` varchar(40) DEFAULT NULL,
  `tag_SleepTime` varchar(40) DEFAULT NULL,
  `tag_AutoStandby` varchar(40) DEFAULT NULL,
  `tag_AutoOff` varchar(40) DEFAULT NULL,
  `tag_ismMode` varchar(40) DEFAULT NULL,
  `tag_dpmSelect` varchar(40) DEFAULT NULL,
  `tag_osdSelect` varchar(40) DEFAULT NULL,
  `tag_Lang` varchar(40) DEFAULT NULL,
  `tag_Remote` varchar(40) DEFAULT NULL,
  `tag_PowerOnDelay` varchar(40) DEFAULT NULL,
  `tag_TileMode` varchar(40) DEFAULT NULL,
  `tag_TileModeCheck` varchar(40) DEFAULT NULL,
  `tag_TileID` varchar(40) DEFAULT NULL,
  `tag_TileNaturalMode` varchar(40) DEFAULT NULL,
  `tag_SizeH` varchar(40) DEFAULT NULL,
  `tag_SizeV` varchar(40) DEFAULT NULL,
  `tag_PositionH` varchar(40) DEFAULT NULL,
  `tag_PostionV` varchar(40) DEFAULT NULL,
  `tag_RedGrain` varchar(40) DEFAULT NULL,
  `tag_RedOffset` varchar(40) DEFAULT NULL,
  `tag_GreenGain` varchar(40) DEFAULT NULL,
  `tag_GreenOffset` varchar(40) DEFAULT NULL,
  `tag_BlueGain` varchar(40) DEFAULT NULL,
  `tag_BlueOffset` varchar(40) DEFAULT NULL,
  `tag_OnTimer` varchar(40) DEFAULT NULL,
  `tag_OffTimer` varchar(40) DEFAULT NULL,
  `tag_OnTimerInput` varchar(40) DEFAULT NULL,
  `max_cpu_usage` float DEFAULT NULL,
  `min_cpu_usage` float DEFAULT NULL,
  `max_cpu_temp` float DEFAULT NULL,
  `min_cpu_temp` float DEFAULT NULL,
  `max_hdd_usage` float DEFAULT NULL,
  `min_hdd_usage` float DEFAULT NULL,
  `max_mem_usage` float DEFAULT NULL,
  `min_mem_usage` float DEFAULT NULL,
  `max_temp` float DEFAULT NULL,
  `min_temp` float DEFAULT NULL,
  PRIMARY KEY (`id`)
) ENGINE=InnoDB AUTO_INCREMENT=23 DEFAULT CHARSET=utf8;
/*!40101 SET character_set_client = @saved_cs_client */;

--
-- Dumping data for table `display_models`
--

LOCK TABLES `display_models` WRITE;
/*!40000 ALTER TABLE `display_models` DISABLE KEYS */;
INSERT INTO `display_models` VALUES (1,'UNKNOWN','ka','xb','kc','dx','dn','dw','sv-01','sv-02','fy','fz','kd','mc','jq','mg','kg','kh','kk','ki','kj','xu','dv','dy','kt','kf','ke','kr','ks','du','fa','kx','ff','mn','fg','jp','fj','kl','fi','km','fh','dd','dz','di','dj','dg','dh','de','df','jm','sx','jn','sy','jo','sz','fd','fe','fu',NULL,NULL,NULL,NULL,NULL,NULL,NULL,NULL,NULL,NULL),(2,'47WV50BS','ka','xb','kc','dx','dn','dw','sv-01','sv-02','fy','fz',NULL,NULL,'jq','mg','kg','kh','kk','ki','kj','xu','dv','dy','kt','kf','ke','kr','ks','du','fa','kx','ff','mn','fg','jp','fj','kl','fi','km','fh','dd','dz','di','dj','dg','dh','de','df','jm','sx','jn','sy','jo','sz','fd','fe','fu',NULL,NULL,NULL,NULL,NULL,NULL,NULL,NULL,NULL,NULL),(3,'55WS50BS','ka','xb','kc','dx','dn','dw','sv-01','sv-02','fy','fz',NULL,NULL,'jq','mg','kg','kh','kk','ki','kj','xu','dv','dy','kt','kf','ke','kr','ks','du','fa','kx','ff','mn','fg','jp','fj','kl','fi','km','fh','dd','dz','di','dj','dg','dh','de','df','jm','sx','jn','sy','jo','sz','fd','fe','fu',NULL,NULL,NULL,NULL,NULL,NULL,NULL,NULL,NULL,NULL),(4,'47WS50','ka','xb','kc','dx','dn','dw','sv-01','sv-02','fy','fz',NULL,NULL,'jq','mg','kg','kh','kk','ki','kj','xu','dv','dy','kt','kf','ke','kr','ks','du','fa','kx','ff','mn','fg','jp','fj','kl','fi','km','fh','dd','dz','di','dj','dg','dh','de','df','jm','sx','jn','sy','jo','sz','fd','fe','fu',NULL,NULL,NULL,NULL,NULL,NULL,NULL,NULL,NULL,NULL),(5,'55WV70BS','ka','xb','kc','dx','dn','dw','sv-01','sv-02','fy','fz',NULL,NULL,'jq','mg','kg','kh','kk','ki','kj','xu','dv','dy','kt','kf','ke','kr','ks','du','fa','kx','ff','mn','fg','jp','fj','kl','fi','km','fh','dd','dz','di','dj','dg','dh','de','df','jm','sx','jn','sy','jo','sz','fd','fe','fu',NULL,NULL,NULL,NULL,NULL,NULL,NULL,NULL,NULL,NULL),(6,'55WS50MS','ka','xb','kc','dx','dn','dw','sv-01','sv-02','fy','fz',NULL,NULL,'jq','mg','kg','kh','kk','ki','kj','xu','dv','dy','kt','kf','ke','kr','ks','du','fa','kx','ff','mn','fg','jp','fj','kl','fi','km','fh','dd','dz','di','dj','dg','dh','de','df','jm','sx','jn','sy','jo','sz','fd','fe','fu',NULL,NULL,NULL,NULL,NULL,NULL,NULL,NULL,NULL,NULL),(7,'Tost','ka','xb','kc','dx','dn','dw','sv-01','sv-02','fy','fz',NULL,NULL,'jq','mg','kg','kh','kk','ki','kj','xu','dv','dy','kt','kf','ke','kr','ks','du','fa','kx','ff','mn','fg','jp','fj','kl','fi','km','fh','dd','dz','di','dj','dg','dh','de','df','jm','sx','jn','sy','jo','sz','fd','fe','fu',NULL,NULL,NULL,NULL,NULL,NULL,NULL,NULL,NULL,NULL),(8,'47WV30BR','ka','xb','kc','dx','dn','dw','sv-01','sv-02','fy','fz',NULL,NULL,'jq','mg','kg','kh','kk','ki','kj','xu','dv','dy','kt','kf','ke','kr','ks','du','fa','kx','ff','mn','fg','jp','fj','kl','fi','km','fh','dd','dz','di','dj','dg','dh','de','df','jm','sx','jn','sy','jo','sz','fd','fe','fu',NULL,NULL,NULL,NULL,NULL,NULL,NULL,NULL,NULL,NULL),(9,'47WV50MS','ka','xb','kc','dx','dn','dw','sv-01','sv-02','fy','fz',NULL,NULL,'jq','mg','kg','kh','kk','ki','kj','xu','dv','dy','kt','kf','ke','kr','ks','du','fa','kx','ff','mn','fg','jp','fj','kl','fi','km','fh','dd','dz','di','dj','dg','dh','de','df','jm','sx','jn','sy','jo','sz','fd','fe','fu',NULL,NULL,NULL,NULL,NULL,NULL,NULL,NULL,NULL,NULL),(10,'55WS10MS','ka','xb','kc','dx','dn','dw','sv-01','sv-02','fy','fz',NULL,NULL,'jq','mg','kg','kh','kk','ki','kj','xu','dv','dy','kt','kf','ke','kr','ks','du','fa','kx','ff','mn','fg','jp','fj','kl','fi','km','fh','dd','dz','di','dj','dg','dh','de','df','jm','sx','jn','sy','jo','sz','fd','fe','fu',NULL,NULL,NULL,NULL,NULL,NULL,NULL,NULL,NULL,NULL),(11,'47VS10MS','ka','xb','kc','dx','dn','dw','sv-01','sv-02','fy','fz',NULL,NULL,'jq','mg','kg','kh','kk','ki','kj','xu','dv','dy','kt','kf','ke','kr','ks','du','fa','kx','ff','mn','fg','jp','fj','kl','fi','km','fh','dd','dz','di','dj','dg','dh','de','df','jm','sx','jn','sy','jo','sz','fd','fe','fu',NULL,NULL,NULL,NULL,NULL,NULL,NULL,NULL,NULL,NULL),(12,'55LV77A','ka','xb','kc','dx','dn','dw','sv-01','sv-02','fy','fz',NULL,NULL,'jq','mg','kg','kh','kk','ki','kj','xu','dv','dy','kt','kf','ke','kr','ks','du','fa','kx','ff','mn','fg','jp','fj','kl','fi','km','fh','dd','dz','di','dj','dg','dh','de','df','jm','sx','jn','sy','jo','sz','fd','fe','fu',NULL,NULL,NULL,NULL,NULL,NULL,NULL,NULL,NULL,NULL),(13,'47TS50MF','ka','xb','kc','dx','dn','dw','sv-01','sv-02','fy','fz',NULL,NULL,'jq','mg','kg','kh','kk','ki','kj','xu','dv','dy','kt','kf','ke','kr','ks','du','fa','kx','ff','mn','fg','jp','fj','kl','fi','km','fh','dd','dz','di','dj','dg','dh','de','df','jm','sx','jn','sy','jo','sz','fd','fe','fu',NULL,NULL,NULL,NULL,NULL,NULL,NULL,NULL,NULL,NULL),(14,'47WS10MS','ka','xb','kc','dx','dn','dw','sv-01','sv-02','fy','fz',NULL,NULL,'jq','mg','kg','kh','kk','ki','kj','xu','dv','dy','kt','kf','ke','kr','ks','du','fa','kx','ff','mn','fg','jp','fj','kl','fi','km','fh','dd','dz','di','dj','dg','dh','de','df','jm','sx','jn','sy','jo','sz','fd','fe','fu',NULL,NULL,NULL,NULL,NULL,NULL,NULL,NULL,NULL,NULL),(15,'47VL10B','ka','xb','kc','dx','dn','dw','sv-01','sv-02','fy','fz',NULL,NULL,'jq','mg','kg','kh','kk','ki','kj','xu','dv','dy','kt','kf','ke','kr','ks','du','fa','kx','ff','mn','fg','jp','fj','kl','fi','km','fh','dd','dz','di','dj','dg','dh','de','df','jm','sx','jn','sy','jo','sz','fd','fe','fu',NULL,NULL,NULL,NULL,NULL,NULL,NULL,NULL,NULL,NULL),(16,'42WL30','ka','xb','kc','dx','dn','dw','sv-01','sv-02','fy','fz',NULL,NULL,'jq','mg','kg','kh','kk','ki','kj','xu','dv','dy','kt','kf','ke','kr','ks','du','fa','kx','ff','mn','fg','jp','fj','kl','fi','km','fh','dd','dz','di','dj','dg','dh','de','df','jm','sx','jn','sy','jo','sz','fd','fe','fu',NULL,NULL,NULL,NULL,NULL,NULL,NULL,NULL,NULL,NULL),(17,'42WS50MS','ka','xb','kc','dx','dn','dw','sv-01','sv-02','fy','fz',NULL,NULL,'jq','mg','kg','kh','kk','ki','kj','xu','dv','dy','kt','kf','ke','kr','ks','du','fa','kx','ff','mn','fg','jp','fj','kl','fi','km','fh','dd','dz','di','dj','dg','dh','de','df','jm','sx','jn','sy','jo','sz','fd','fe','fu',NULL,NULL,NULL,NULL,NULL,NULL,NULL,NULL,NULL,NULL),(18,'42WS10MS','ka','xb','kc','dx','dn','dw','sv-01','sv-02','fy','fz',NULL,NULL,'jq','mg','kg','kh','kk','ki','kj','xu','dv','dy','kt','kf','ke','kr','ks','du','fa','kx','ff','mn','fg','jp','fj','kl','fi','km','fh','dd','dz','di','dj','dg','dh','de','df','jm','sx','jn','sy','jo','sz','fd','fe','fu',NULL,NULL,NULL,NULL,NULL,NULL,NULL,NULL,NULL,NULL),(19,'55WV70MD','ka','xb','kc','dx','dn','dw','sv-01','sv-02','fy','fz',NULL,NULL,'jq','mg','kg','kh','kk','ki','kj','xu','dv','dy','kt','kf','ke','kr','ks','du','fa','kx','ff','mn','fg','jp','fj','kl','fi','km','fh','dd','dz','di','dj','dg','dh','de','df','jm','sx','jn','sy','jo','sz','fd','fe','fu',NULL,NULL,NULL,NULL,NULL,NULL,NULL,NULL,NULL,NULL),(20,'47WS50MS','ka','xb','kc','dx','dn','dw','sv-01','sv-02','fy','fz',NULL,NULL,'jq','mg','kg','kh','kk','ki','kj','xu','dv','dy','kt','kf','ke','kr','ks','du','fa','kx','ff','mn','fg','jp','fj','kl','fi','km','fh','dd','dz','di','dj','dg','dh','de','df','jm','sx','jn','sy','jo','sz','fd','fe','fu',NULL,NULL,NULL,NULL,NULL,NULL,NULL,NULL,NULL,NULL),(21,'47WL30','ka','xb','kc','dx','dn','dw','sv-01','sv-02','fy','fz',NULL,NULL,'jq','mg','kg','kh','kk','ki','kj','xu','dv','dy','kt','kf','ke','kr','ks','du','fa','kx','ff','mn','fg','jp','fj','kl','fi','km','fh','dd','dz','di','dj','dg','dh','de','df','jm','sx','jn','sy','jo','sz','fd','fe','fu',NULL,NULL,NULL,NULL,NULL,NULL,NULL,NULL,NULL,NULL),(22,'47WS50BS','ka','xb','kc','dx','dn','dw','sv-01','sv-02','fy','fz',NULL,NULL,'jq','mg','kg','kh','kk','ki','kj','xu','dv','dy','kt','kf','ke','kr','ks','du','fa','kx','ff','mn','fg','jp','fj','kl','fi','km','fh','dd','dz','di','dj','dg','dh','de','df','jm','sx','jn','sy','jo','sz','fd','fe','fu',NULL,NULL,NULL,NULL,NULL,NULL,NULL,NULL,NULL,NULL);
/*!40000 ALTER TABLE `display_models` ENABLE KEYS */;
UNLOCK TABLES;

--
-- Table structure for table `displays`
--

DROP TABLE IF EXISTS `displays`;
/*!40101 SET @saved_cs_client     = @@character_set_client */;
/*!40101 SET character_set_client = utf8 */;
CREATE TABLE `displays` (
  `id` int(10) unsigned NOT NULL AUTO_INCREMENT,
  `number` int(10) unsigned DEFAULT NULL,
  `serial_number` varchar(256) DEFAULT NULL,
  `alias` varchar(256) DEFAULT NULL,
  `si_company` varchar(128) DEFAULT NULL,
  `se_name` varchar(128) DEFAULT NULL,
  `se_email` varchar(256) DEFAULT NULL,
  `se_mobile` varchar(48) DEFAULT NULL,
  `organization` varchar(256) DEFAULT NULL,
  `memo` varchar(256) DEFAULT NULL,
  `firmware_version` varchar(48) DEFAULT NULL,
  `created_date` datetime DEFAULT NULL,
  `last_updated_date` datetime DEFAULT NULL,
  `warrent_start_date` datetime DEFAULT NULL,
  `warrent_end_date` datetime DEFAULT NULL,
  `service_offer` varchar(256) DEFAULT NULL,
  `activation_date` datetime DEFAULT NULL,
  `expiration_date` datetime DEFAULT NULL,
  `status` int(10) unsigned DEFAULT NULL,
  `model` varchar(60) DEFAULT NULL,
  `FK_models_id` int(11) unsigned DEFAULT NULL,
  `val_PowerStatus` varchar(48) DEFAULT NULL,
  `val_InputSelect` varchar(48) DEFAULT NULL,
  `val_AspectRatio` varchar(48) DEFAULT NULL,
  `val_PictureMode` varchar(48) DEFAULT NULL,
  `val_Temp` varchar(48) DEFAULT NULL,
  `val_Fan` varchar(48) DEFAULT NULL,
  `val_Signal` varchar(48) DEFAULT NULL,
  `val_Lamp` varchar(48) DEFAULT NULL,
  `val_SerialNo` varchar(48) DEFAULT NULL,
  `val_FirmwareVer` varchar(48) DEFAULT NULL,
  `val_MonitorStatus` varchar(48) DEFAULT NULL,
  `val_EnergySaving` varchar(48) DEFAULT NULL,
  `val_Backlight` varchar(48) DEFAULT NULL,
  `val_Constrast` varchar(48) DEFAULT NULL,
  `val_Brightness` varchar(48) DEFAULT NULL,
  `val_Sharpness` varchar(48) DEFAULT NULL,
  `val_Color` varchar(48) DEFAULT NULL,
  `val_Tint` varchar(48) DEFAULT NULL,
  `val_ColorTemp` varchar(48) DEFAULT NULL,
  `val_Speaker` varchar(48) DEFAULT NULL,
  `val_SoundMode` varchar(48) DEFAULT NULL,
  `val_Balance` varchar(48) DEFAULT NULL,
  `val_VolumControl` varchar(48) DEFAULT NULL,
  `val_VolumMute` varchar(48) DEFAULT NULL,
  `val_Treble` varchar(48) DEFAULT NULL,
  `val_Bass` varchar(48) DEFAULT NULL,
  `val_AutoVolume` varchar(48) DEFAULT NULL,
  `val_Date` varchar(48) DEFAULT NULL,
  `val_Time` varchar(48) DEFAULT NULL,
  `val_SleepTime` varchar(48) DEFAULT NULL,
  `val_AutoStandby` varchar(48) DEFAULT NULL,
  `val_AutoOff` varchar(48) DEFAULT NULL,
  `val_ismMode` varchar(48) DEFAULT NULL,
  `val_dpmSelect` varchar(48) DEFAULT NULL,
  `val_osdSelect` varchar(48) DEFAULT NULL,
  `val_Lang` varchar(48) DEFAULT NULL,
  `val_Remote` varchar(48) DEFAULT NULL,
  `val_PowerOnDelay` varchar(48) DEFAULT NULL,
  `val_TileModeCheck` varchar(48) DEFAULT NULL,
  `val_TileID` varchar(48) DEFAULT NULL,
  `val_TileNaturalMode` varchar(48) DEFAULT NULL,
  `val_SizeH` varchar(48) DEFAULT NULL,
  `val_SizeV` varchar(48) DEFAULT NULL,
  `val_PositionH` varchar(48) DEFAULT NULL,
  `val_PositionV` varchar(48) DEFAULT NULL,
  `val_RedGain` varchar(48) DEFAULT NULL,
  `val_RedOffset` varchar(48) DEFAULT NULL,
  `val_GreenGain` varchar(48) DEFAULT NULL,
  `val_GreenOffset` varchar(48) DEFAULT NULL,
  `val_BlueGain` varchar(48) DEFAULT NULL,
  `val_BlueOffset` varchar(48) DEFAULT NULL,
  `val_OnTimer` varchar(48) DEFAULT NULL,
  `val_OffTimer` varchar(48) DEFAULT NULL,
  `val_OnTimerInput` varchar(48) DEFAULT NULL,
  `FK_mp_id` int(11) unsigned DEFAULT NULL,
  `mp_serial_number` varchar(256) DEFAULT NULL,
  PRIMARY KEY (`id`)
) ENGINE=InnoDB AUTO_INCREMENT=56 DEFAULT CHARSET=utf8;
/*!40101 SET character_set_client = @saved_cs_client */;

--
-- Dumping data for table `displays`
--

LOCK TABLES `displays` WRITE;
/*!40000 ALTER TABLE `displays` DISABLE KEYS */;
INSERT INTO `displays` VALUES (28,1,'SKJY1113','TH-AB-19','EK3','Daniel Kim','hchkim@unet.kr','010-123-1234','LG','','03.24.04','2014-11-14 19:07:43',NULL,NULL,NULL,NULL,'2014-08-19 00:00:00','2015-07-30 00:00:00',0,'47WV50BS',2,NULL,NULL,NULL,NULL,'62',NULL,NULL,NULL,NULL,NULL,NULL,NULL,NULL,NULL,NULL,NULL,NULL,NULL,NULL,NULL,NULL,NULL,NULL,NULL,NULL,NULL,NULL,NULL,NULL,NULL,NULL,NULL,NULL,NULL,NULL,NULL,NULL,NULL,NULL,NULL,NULL,NULL,NULL,NULL,NULL,NULL,NULL,NULL,NULL,NULL,NULL,NULL,NULL,NULL,30,'03000200-0400-0500-0006-000700080016'),(29,1,'SKJY1120','TH-AB-20','EK3','','','','Ottawa','','03.24.04','2014-11-14 19:07:52',NULL,NULL,NULL,NULL,'2014-07-30 00:00:00','2015-07-30 00:00:00',0,'55WS50BS',3,NULL,NULL,NULL,NULL,'72',NULL,NULL,NULL,NULL,NULL,NULL,NULL,NULL,NULL,NULL,NULL,NULL,NULL,NULL,NULL,NULL,NULL,NULL,NULL,NULL,NULL,NULL,NULL,NULL,NULL,NULL,NULL,NULL,NULL,NULL,NULL,NULL,NULL,NULL,NULL,NULL,NULL,NULL,NULL,NULL,NULL,NULL,NULL,NULL,NULL,NULL,NULL,NULL,NULL,31,'CCA5424C-5FDF-4bde-95D7-A1C05A0B4EA2'),(30,1,'SKJY1119','TH-AB-19','EK3','','','','Ottawa','','03.24.04','2014-11-14 19:08:00',NULL,NULL,NULL,NULL,'2014-07-30 00:00:00','2015-07-30 00:00:00',0,'47WS50',4,NULL,NULL,NULL,NULL,'62',NULL,NULL,NULL,NULL,NULL,NULL,NULL,NULL,NULL,NULL,NULL,NULL,NULL,NULL,NULL,NULL,NULL,NULL,NULL,NULL,NULL,NULL,NULL,NULL,NULL,NULL,NULL,NULL,NULL,NULL,NULL,NULL,NULL,NULL,NULL,NULL,NULL,NULL,NULL,NULL,NULL,NULL,NULL,NULL,NULL,NULL,NULL,NULL,NULL,55,'60E1F2B6-BB1D-4087-BB84-1C91B76469DD'),(31,1,'SKJY15','TH-AB-18','EK3','Daniel Kim','Hchkim@unet.kr','010-123-1234','LG','','03.24.04','2014-11-14 19:08:09',NULL,NULL,NULL,NULL,'2014-08-19 00:00:00','2015-09-20 00:00:00',0,'55WV70BS',5,NULL,NULL,NULL,NULL,'72',NULL,NULL,NULL,NULL,NULL,NULL,NULL,NULL,NULL,NULL,NULL,NULL,NULL,NULL,NULL,NULL,NULL,NULL,NULL,NULL,NULL,NULL,NULL,NULL,NULL,NULL,NULL,NULL,NULL,NULL,NULL,NULL,NULL,NULL,NULL,NULL,NULL,NULL,NULL,NULL,NULL,NULL,NULL,NULL,NULL,NULL,NULL,NULL,NULL,32,'03000200-0400-0500-0006-000700080015'),(32,1,'SKJY1118','TH-AB-18','EK3','','','','Ottawa','','03.24.04','2014-11-14 19:08:16',NULL,NULL,NULL,NULL,'2014-07-30 00:00:00','2015-07-30 00:00:00',0,'55WS50MS',6,NULL,NULL,NULL,NULL,'76',NULL,NULL,NULL,NULL,NULL,NULL,NULL,NULL,NULL,NULL,NULL,NULL,NULL,NULL,NULL,NULL,NULL,NULL,NULL,NULL,NULL,NULL,NULL,NULL,NULL,NULL,NULL,NULL,NULL,NULL,NULL,NULL,NULL,NULL,NULL,NULL,NULL,NULL,NULL,NULL,NULL,NULL,NULL,NULL,NULL,NULL,NULL,NULL,NULL,33,'BE77AF21-CAA9-467e-9E1A-ACC74A3249C8'),(33,1,'ujlqowuefqwe','TH-AB-11','EK3','','','','Toronto','','123','2014-11-14 19:08:24',NULL,NULL,NULL,NULL,'2014-10-06 00:00:00','2015-10-06 00:00:00',0,'Tost',7,NULL,NULL,NULL,NULL,'76',NULL,NULL,NULL,NULL,NULL,NULL,NULL,NULL,NULL,NULL,NULL,NULL,NULL,NULL,NULL,NULL,NULL,NULL,NULL,NULL,NULL,NULL,NULL,NULL,NULL,NULL,NULL,NULL,NULL,NULL,NULL,NULL,NULL,NULL,NULL,NULL,NULL,NULL,NULL,NULL,NULL,NULL,NULL,NULL,NULL,NULL,NULL,NULL,NULL,34,'91FEF2CA-F60B-4af5-9383-E3BDB287C6ED'),(34,1,'SKJY1114','TH-AB-14','EK3','','','','Ottawa','','03.24.04','2014-11-14 19:08:30',NULL,NULL,NULL,NULL,'2014-07-30 00:00:00','2015-07-30 00:00:00',0,'47WV30BR',8,NULL,NULL,NULL,NULL,'79',NULL,NULL,NULL,NULL,NULL,NULL,NULL,NULL,NULL,NULL,NULL,NULL,NULL,NULL,NULL,NULL,NULL,NULL,NULL,NULL,NULL,NULL,NULL,NULL,NULL,NULL,NULL,NULL,NULL,NULL,NULL,NULL,NULL,NULL,NULL,NULL,NULL,NULL,NULL,NULL,NULL,NULL,NULL,NULL,NULL,NULL,NULL,NULL,NULL,35,'B4E69032-C9D7-4d6c-909D-12590B01D6BA'),(35,1,'SKJY1115','TH-AB-15','EK3','','','','Montreal','','03.24.04','2014-11-14 19:08:37',NULL,NULL,NULL,NULL,'2014-07-30 00:00:00','2015-07-30 00:00:00',0,'47WV50MS',9,NULL,NULL,NULL,NULL,'79',NULL,NULL,NULL,NULL,NULL,NULL,NULL,NULL,NULL,NULL,NULL,NULL,NULL,NULL,NULL,NULL,NULL,NULL,NULL,NULL,NULL,NULL,NULL,NULL,NULL,NULL,NULL,NULL,NULL,NULL,NULL,NULL,NULL,NULL,NULL,NULL,NULL,NULL,NULL,NULL,NULL,NULL,NULL,NULL,NULL,NULL,NULL,NULL,NULL,36,'89E9E757-6E8C-4f79-BA7B-D50B74BD7492'),(36,1,'SKJY1117','TH-AB-17','EK3','','','','Ottawa','','03.24.04','2014-11-14 19:08:44',NULL,NULL,NULL,NULL,'2014-07-30 00:00:00','2015-07-30 00:00:00',0,'55WS10MS',10,NULL,NULL,NULL,NULL,'71',NULL,NULL,NULL,NULL,NULL,NULL,NULL,NULL,NULL,NULL,NULL,NULL,NULL,NULL,NULL,NULL,NULL,NULL,NULL,NULL,NULL,NULL,NULL,NULL,NULL,NULL,NULL,NULL,NULL,NULL,NULL,NULL,NULL,NULL,NULL,NULL,NULL,NULL,NULL,NULL,NULL,NULL,NULL,NULL,NULL,NULL,NULL,NULL,NULL,37,'044ADD94-05E0-4ba3-8899-793D1A6B8203'),(37,1,'SKJY1116','TH-AB-16','','','','','','','03.24.04','2014-11-14 19:08:53',NULL,NULL,NULL,NULL,'2014-07-30 00:00:00','2015-07-30 00:00:00',0,'47WV50BS',2,NULL,NULL,NULL,NULL,'71',NULL,NULL,NULL,NULL,NULL,NULL,NULL,NULL,NULL,NULL,NULL,NULL,NULL,NULL,NULL,NULL,NULL,NULL,NULL,NULL,NULL,NULL,NULL,NULL,NULL,NULL,NULL,NULL,NULL,NULL,NULL,NULL,NULL,NULL,NULL,NULL,NULL,NULL,NULL,NULL,NULL,NULL,NULL,NULL,NULL,NULL,NULL,NULL,NULL,38,'BB0D112B-3B70-4611-B20D-13844BCEA3C6'),(38,1,'3230344b4341533831323234','','','','','','','','03.01.00','2014-11-14 19:09:01',NULL,NULL,NULL,NULL,'2014-10-23 00:00:00','2015-10-23 00:00:00',0,'47VS10MS',11,NULL,NULL,NULL,NULL,'71',NULL,NULL,NULL,NULL,NULL,NULL,NULL,NULL,NULL,NULL,NULL,NULL,NULL,NULL,NULL,NULL,NULL,NULL,NULL,NULL,NULL,NULL,NULL,NULL,NULL,NULL,NULL,NULL,NULL,NULL,NULL,NULL,NULL,NULL,NULL,NULL,NULL,NULL,NULL,NULL,NULL,NULL,NULL,NULL,NULL,NULL,NULL,NULL,NULL,39,'LG-TEST-TORONTO'),(39,1,'SKJY12','TH-AB-16','EK3','Daniel Kim','hchkim@unet.kr','010-123-1234','LG','','03.24.04','2014-11-14 19:09:12',NULL,NULL,NULL,NULL,'2014-08-19 00:00:00','2015-09-20 00:00:00',0,'55LV77A',12,NULL,NULL,NULL,NULL,'79',NULL,NULL,NULL,NULL,NULL,NULL,NULL,NULL,NULL,NULL,NULL,NULL,NULL,NULL,NULL,NULL,NULL,NULL,NULL,NULL,NULL,NULL,NULL,NULL,NULL,NULL,NULL,NULL,NULL,NULL,NULL,NULL,NULL,NULL,NULL,NULL,NULL,NULL,NULL,NULL,NULL,NULL,NULL,NULL,NULL,NULL,NULL,NULL,NULL,40,'03000200-0400-0500-0006-000700080012'),(40,1,'SKJY1102','TH-AB-02','EK3','','','','Vancouver','','','2014-11-14 19:09:19',NULL,NULL,NULL,NULL,'2014-06-30 00:00:00','2015-06-30 00:00:00',0,'47TS50MF',13,NULL,NULL,NULL,NULL,'79',NULL,NULL,NULL,NULL,NULL,NULL,NULL,NULL,NULL,NULL,NULL,NULL,NULL,NULL,NULL,NULL,NULL,NULL,NULL,NULL,NULL,NULL,NULL,NULL,NULL,NULL,NULL,NULL,NULL,NULL,NULL,NULL,NULL,NULL,NULL,NULL,NULL,NULL,NULL,NULL,NULL,NULL,NULL,NULL,NULL,NULL,NULL,NULL,NULL,41,'9874B02C-04A3-4b0f-9FE6-86D05E4D5F97'),(41,1,'SKJY1109','TH-AB-09','EK3','','','','Montreal','','03.24.04','2014-11-14 19:09:26',NULL,NULL,NULL,NULL,'2014-07-30 00:00:00','2015-07-30 00:00:00',0,'47WS10MS',14,NULL,NULL,NULL,NULL,'79',NULL,NULL,NULL,NULL,NULL,NULL,NULL,NULL,NULL,NULL,NULL,NULL,NULL,NULL,NULL,NULL,NULL,NULL,NULL,NULL,NULL,NULL,NULL,NULL,NULL,NULL,NULL,NULL,NULL,NULL,NULL,NULL,NULL,NULL,NULL,NULL,NULL,NULL,NULL,NULL,NULL,NULL,NULL,NULL,NULL,NULL,NULL,NULL,NULL,42,'87DDBF7B-DD39-4759-BD65-F09C19DF450D'),(42,1,'SKJY16','TH-AB-19','EK3','Daniel Kim','hchkim@unet.kr','010-123-1234','LG','','03.24.04','2014-11-14 19:09:47',NULL,NULL,NULL,NULL,'2014-08-19 00:00:00','2015-09-20 00:00:00',0,'47WV50BS',2,NULL,NULL,NULL,NULL,'63',NULL,NULL,NULL,NULL,NULL,NULL,NULL,NULL,NULL,NULL,NULL,NULL,NULL,NULL,NULL,NULL,NULL,NULL,NULL,NULL,NULL,NULL,NULL,NULL,NULL,NULL,NULL,NULL,NULL,NULL,NULL,NULL,NULL,NULL,NULL,NULL,NULL,NULL,NULL,NULL,NULL,NULL,NULL,NULL,NULL,NULL,NULL,NULL,NULL,43,'97013E00-653E-1000-99CA-203E01975E65'),(43,1,'SKJY1103','TH-AB-03','EK3','','','','Vancouver','','03.24.04','2014-11-14 19:09:55',NULL,NULL,NULL,NULL,'2014-06-25 00:00:00','2015-06-30 00:00:00',0,'47VL10B',15,NULL,NULL,NULL,NULL,'63',NULL,NULL,NULL,NULL,NULL,NULL,NULL,NULL,NULL,NULL,NULL,NULL,NULL,NULL,NULL,NULL,NULL,NULL,NULL,NULL,NULL,NULL,NULL,NULL,NULL,NULL,NULL,NULL,NULL,NULL,NULL,NULL,NULL,NULL,NULL,NULL,NULL,NULL,NULL,NULL,NULL,NULL,NULL,NULL,NULL,NULL,NULL,NULL,NULL,44,'550BED67-CDDD-469b-8B76-EAA1FF5C52C0'),(44,1,'SKJY11','TH-AB-15','EK3','Daniel Kim','hchkim@unet.kr','010-123-1234','LG','','03.24.04','2014-11-14 19:10:02',NULL,NULL,NULL,NULL,'2014-08-19 00:00:00','2015-09-20 00:00:00',0,'47WS50',4,NULL,NULL,NULL,NULL,'63',NULL,NULL,NULL,NULL,NULL,NULL,NULL,NULL,NULL,NULL,NULL,NULL,NULL,NULL,NULL,NULL,NULL,NULL,NULL,NULL,NULL,NULL,NULL,NULL,NULL,NULL,NULL,NULL,NULL,NULL,NULL,NULL,NULL,NULL,NULL,NULL,NULL,NULL,NULL,NULL,NULL,NULL,NULL,NULL,NULL,NULL,NULL,NULL,NULL,45,'03000200-0400-0500-0006-000700080011'),(45,1,'SKJY13','TH-AB-17','EK3','Daniel Kim','hchkim@unet.kr','010-123-1234','LG','','03.24.04','2014-11-14 19:10:10',NULL,NULL,NULL,NULL,'2014-08-19 00:00:00','2015-09-20 00:00:00',0,'55LV77A',12,NULL,NULL,NULL,NULL,'63',NULL,NULL,NULL,NULL,NULL,NULL,NULL,NULL,NULL,NULL,NULL,NULL,NULL,NULL,NULL,NULL,NULL,NULL,NULL,NULL,NULL,NULL,NULL,NULL,NULL,NULL,NULL,NULL,NULL,NULL,NULL,NULL,NULL,NULL,NULL,NULL,NULL,NULL,NULL,NULL,NULL,NULL,NULL,NULL,NULL,NULL,NULL,NULL,NULL,46,'03000200-0400-0500-0006-000700080013'),(46,1,'SKJY1106','TH-AB-06','EK3','','','','Vancouver','','03.24.04','2014-11-14 19:10:17',NULL,NULL,NULL,NULL,'2014-08-19 00:00:00','2015-09-20 00:00:00',0,'42WL30',16,NULL,NULL,NULL,NULL,'63',NULL,NULL,NULL,NULL,NULL,NULL,NULL,NULL,NULL,NULL,NULL,NULL,NULL,NULL,NULL,NULL,NULL,NULL,NULL,NULL,NULL,NULL,NULL,NULL,NULL,NULL,NULL,NULL,NULL,NULL,NULL,NULL,NULL,NULL,NULL,NULL,NULL,NULL,NULL,NULL,NULL,NULL,NULL,NULL,NULL,NULL,NULL,NULL,NULL,47,'D72A70A3-BFB1-4e01-8856-34FA69CD5368'),(47,1,'SKJY1105','TH-AB-05','EK3','','','','Vancouver','','03.24.04','2014-11-14 19:10:24',NULL,NULL,NULL,NULL,'2014-07-30 00:00:00','2015-07-30 00:00:00',0,'42WS50MS',17,NULL,NULL,NULL,NULL,'63',NULL,NULL,NULL,NULL,NULL,NULL,NULL,NULL,NULL,NULL,NULL,NULL,NULL,NULL,NULL,NULL,NULL,NULL,NULL,NULL,NULL,NULL,NULL,NULL,NULL,NULL,NULL,NULL,NULL,NULL,NULL,NULL,NULL,NULL,NULL,NULL,NULL,NULL,NULL,NULL,NULL,NULL,NULL,NULL,NULL,NULL,NULL,NULL,NULL,48,'DE85958C-575B-43b1-A475-B5BEB3F772CD'),(48,1,'SKJY1104','TH-AB-04','EK3','','','','Toronto','','03.24.04','2014-11-14 19:10:33',NULL,NULL,NULL,NULL,'2014-07-30 00:00:00','2015-07-30 00:00:00',0,'42WS10MS',18,NULL,NULL,NULL,NULL,'63',NULL,NULL,NULL,NULL,NULL,NULL,NULL,NULL,NULL,NULL,NULL,NULL,NULL,NULL,NULL,NULL,NULL,NULL,NULL,NULL,NULL,NULL,NULL,NULL,NULL,NULL,NULL,NULL,NULL,NULL,NULL,NULL,NULL,NULL,NULL,NULL,NULL,NULL,NULL,NULL,NULL,NULL,NULL,NULL,NULL,NULL,NULL,NULL,NULL,49,'C7E89797-4526-4bb3-8BA4-10E61BA7CF5E'),(49,1,'SKJY14','TH-AB-18','EK3','Daniel Kim','hchkim@unet.kr','010-123-1234','LG','','03.24.04','2014-11-14 19:10:43',NULL,NULL,NULL,NULL,'2014-08-19 00:00:00','2015-09-20 00:00:00',0,'55WV70MD',19,NULL,NULL,NULL,NULL,'63',NULL,NULL,NULL,NULL,NULL,NULL,NULL,NULL,NULL,NULL,NULL,NULL,NULL,NULL,NULL,NULL,NULL,NULL,NULL,NULL,NULL,NULL,NULL,NULL,NULL,NULL,NULL,NULL,NULL,NULL,NULL,NULL,NULL,NULL,NULL,NULL,NULL,NULL,NULL,NULL,NULL,NULL,NULL,NULL,NULL,NULL,NULL,NULL,NULL,50,'03000200-0400-0500-0006-000700080014'),(50,1,'SKJY1110','TH-AB-10','EK3','','','','Toronto','','03.24.04','2014-11-14 19:10:51',NULL,NULL,NULL,NULL,'2014-07-30 00:00:00','2015-07-30 00:00:00',0,'47WS50MS',20,NULL,NULL,NULL,NULL,'63',NULL,NULL,NULL,NULL,NULL,NULL,NULL,NULL,NULL,NULL,NULL,NULL,NULL,NULL,NULL,NULL,NULL,NULL,NULL,NULL,NULL,NULL,NULL,NULL,NULL,NULL,NULL,NULL,NULL,NULL,NULL,NULL,NULL,NULL,NULL,NULL,NULL,NULL,NULL,NULL,NULL,NULL,NULL,NULL,NULL,NULL,NULL,NULL,NULL,52,'40EC6765-BCE0-462b-9801-45D99736044C'),(51,1,'SKJY1112','TH-AB-12','EK3','','','','Montreal','','03.24.04','2014-11-14 19:11:11',NULL,NULL,NULL,NULL,'2014-07-30 00:00:00','2015-07-30 00:00:00',0,'47WL30',21,NULL,NULL,NULL,NULL,'60',NULL,NULL,NULL,NULL,NULL,NULL,NULL,NULL,NULL,NULL,NULL,NULL,NULL,NULL,NULL,NULL,NULL,NULL,NULL,NULL,NULL,NULL,NULL,NULL,NULL,NULL,NULL,NULL,NULL,NULL,NULL,NULL,NULL,NULL,NULL,NULL,NULL,NULL,NULL,NULL,NULL,NULL,NULL,NULL,NULL,NULL,NULL,NULL,NULL,53,'321D9EF6-77B7-472d-815A-D941D7D65735'),(52,1,'SKJY1111','TH-AB-11','EK3','','','','Ottawa','','03.24.04','2014-11-14 19:11:23',NULL,NULL,NULL,NULL,'2014-07-30 00:00:00','2015-07-30 00:00:00',0,'47WS50BS',22,NULL,NULL,NULL,NULL,'60',NULL,NULL,NULL,NULL,NULL,NULL,NULL,NULL,NULL,NULL,NULL,NULL,NULL,NULL,NULL,NULL,NULL,NULL,NULL,NULL,NULL,NULL,NULL,NULL,NULL,NULL,NULL,NULL,NULL,NULL,NULL,NULL,NULL,NULL,NULL,NULL,NULL,NULL,NULL,NULL,NULL,NULL,NULL,NULL,NULL,NULL,NULL,NULL,NULL,54,'C74AF658-9830-4529-96CD-E1E8D8E3C3A9'),(53,2,'SKJY111-copy','TH-AB-10','EK3','','','','Toronto','','03.24.04','2014-11-14 19:12:26',NULL,NULL,NULL,NULL,'2014-07-30 00:00:00','2015-07-30 00:00:00',0,'47WS50MS',20,NULL,NULL,NULL,NULL,'60',NULL,NULL,NULL,NULL,NULL,NULL,NULL,NULL,NULL,NULL,NULL,NULL,NULL,NULL,NULL,NULL,NULL,NULL,NULL,NULL,NULL,NULL,NULL,NULL,NULL,NULL,NULL,NULL,NULL,NULL,NULL,NULL,NULL,NULL,NULL,NULL,NULL,NULL,NULL,NULL,NULL,NULL,NULL,NULL,NULL,NULL,NULL,NULL,NULL,52,'40EC6765-BCE0-462b-9801-45D99736044C'),(54,1,'SKJY1107','DP-11111','','','','','','','03.24.12','2014-11-17 15:54:03','2014-11-17 16:02:39',NULL,NULL,NULL,'2014-11-17 00:00:00','2015-11-16 00:00:00',0,'47WS50',4,'01','b0','02','00','48','02','OK','0201',NULL,'032412','00','00','','100','50','','','','100','01','01','50','10','01','50','50','00','2014-11-17','16:24:37','00','00','00','08','00','01','0f','00','00','000202','01','NG','','','','','100','64','100','64','100','64','NG_NG_NG_NG_NG_NG_NG','NG_NG_NG_NG_NG_NG_NG','NG_NG_NG_NG_NG_NG_NG',56,'207732457982325'),(55,1,'404MXJX5E364','DP-01','','','','','','','00.10.17','2014-11-17 22:25:23','2014-11-17 22:28:34',NULL,NULL,NULL,'2009-09-01 00:00:00','2010-08-31 00:00:00',0,'UNKNOWN',1,'01','b0','02','00','29','02','OK','0201',NULL,'032412','00','00','','100','50','','','','100','01','01','50','10','01','50','50','00','2014-11-17','22:50:33','00','00','00','08','00','01','0f','00','00','000202','01','NG','','','','','100','64','100','64','100','64','NG_NG_NG_NG_NG_NG_NG','NG_NG_NG_NG_NG_NG_NG','NG_NG_NG_NG_NG_NG_NG',57,'207120307813327');
/*!40000 ALTER TABLE `displays` ENABLE KEYS */;
UNLOCK TABLES;

--
-- Table structure for table `displays_history`
--

DROP TABLE IF EXISTS `displays_history`;
/*!40101 SET @saved_cs_client     = @@character_set_client */;
/*!40101 SET character_set_client = utf8 */;
CREATE TABLE `displays_history` (
  `id` int(10) unsigned NOT NULL AUTO_INCREMENT,
  `serial_number` varchar(256) DEFAULT NULL,
  `last_updated_date` datetime DEFAULT NULL,
  `val_PowerStatus` varchar(48) DEFAULT NULL,
  `val_InputSelect` varchar(48) DEFAULT NULL,
  `val_AspectRatio` varchar(48) DEFAULT NULL,
  `val_PictureMode` varchar(48) DEFAULT NULL,
  `val_Temp` varchar(48) DEFAULT NULL,
  `val_Fan` varchar(48) DEFAULT NULL,
  `val_Signal` varchar(48) DEFAULT NULL,
  `val_Lamp` varchar(48) DEFAULT NULL,
  `val_SerialNo` varchar(48) DEFAULT NULL,
  `val_FirmwareVer` varchar(48) DEFAULT NULL,
  `val_MonitorStatus` varchar(48) DEFAULT NULL,
  `val_EnergySaving` varchar(48) DEFAULT NULL,
  `val_Backlight` varchar(48) DEFAULT NULL,
  `val_Constrast` varchar(48) DEFAULT NULL,
  `val_Brightness` varchar(48) DEFAULT NULL,
  `val_Sharpness` varchar(48) DEFAULT NULL,
  `val_Color` varchar(48) DEFAULT NULL,
  `val_Tint` varchar(48) DEFAULT NULL,
  `val_ColorTemp` varchar(48) DEFAULT NULL,
  `val_Speaker` varchar(48) DEFAULT NULL,
  `val_SoundMode` varchar(48) DEFAULT NULL,
  `val_Balance` varchar(48) DEFAULT NULL,
  `val_VolumControl` varchar(48) DEFAULT NULL,
  `val_VolumMute` varchar(48) DEFAULT NULL,
  `val_Treble` varchar(48) DEFAULT NULL,
  `val_Bass` varchar(48) DEFAULT NULL,
  `val_AutoVolume` varchar(48) DEFAULT NULL,
  `val_Date` varchar(48) DEFAULT NULL,
  `val_Time` varchar(48) DEFAULT NULL,
  `val_SleepTime` varchar(48) DEFAULT NULL,
  `val_AutoStandby` varchar(48) DEFAULT NULL,
  `val_AutoOff` varchar(48) DEFAULT NULL,
  `val_ismMode` varchar(48) DEFAULT NULL,
  `val_dpmSelect` varchar(48) DEFAULT NULL,
  `val_osdSelect` varchar(48) DEFAULT NULL,
  `val_Lang` varchar(48) DEFAULT NULL,
  `val_Remote` varchar(48) DEFAULT NULL,
  `val_PowerOnDelay` varchar(48) DEFAULT NULL,
  `val_TileModeCheck` varchar(48) DEFAULT NULL,
  `val_TileID` varchar(48) DEFAULT NULL,
  `val_TileNaturalMode` varchar(48) DEFAULT NULL,
  `val_SizeH` varchar(48) DEFAULT NULL,
  `val_SizeV` varchar(48) DEFAULT NULL,
  `val_PositionH` varchar(48) DEFAULT NULL,
  `val_PositionV` varchar(48) DEFAULT NULL,
  `val_RedGain` varchar(48) DEFAULT NULL,
  `val_RedOffset` varchar(48) DEFAULT NULL,
  `val_GreenGain` varchar(48) DEFAULT NULL,
  `val_GreenOffset` varchar(48) DEFAULT NULL,
  `val_BlueGain` varchar(48) DEFAULT NULL,
  `val_BlueOffset` varchar(48) DEFAULT NULL,
  `val_OnTimer` varchar(48) DEFAULT NULL,
  `val_OffTimer` varchar(48) DEFAULT NULL,
  `val_OnTimerInput` varchar(48) DEFAULT NULL,
  `mp_serial_number` varchar(256) DEFAULT NULL,
  PRIMARY KEY (`id`)
) ENGINE=InnoDB AUTO_INCREMENT=118 DEFAULT CHARSET=utf8;
/*!40101 SET character_set_client = @saved_cs_client */;

--
-- Dumping data for table `displays_history`
--

LOCK TABLES `displays_history` WRITE;
/*!40000 ALTER TABLE `displays_history` DISABLE KEYS */;
INSERT INTO `displays_history` VALUES (1,'404MXJX5E364','2014-11-14 15:08:49',' 2','27',' 1','25','69','56','OK','24',NULL,'032404','42','59','93','52','42','78','91','84','86','54','50','71','99','11','86','66',' 1','2010-0-0','0:0:0','26','43','4c','5c','12','16','44','37','29','22','1e',' 4','61','37','25','63','14','20','96','21','29','65','56_5a_ 9_38_58_1a_38','42_32_ c_49_ 5_20_4a','4f_48_21_4e_35_3c_5a','207120307813327'),(2,'404MXJX5E364','2014-11-14 15:09:26','3a','2b','50','11','47',' 6','OK','16',NULL,'032404','3c','2d','71','69','79','100','88','97','12','50','59','33','72','21','46','27','1b','2010-0-0','0:0:0','2b','1f','51','19','57','2d','55','39',' 2','35','1c','2d','95','79','92','41','72','97','80','66','34','79',' d_52_44_5e_35_4f_54','12_ e_3e_3b_12_3f_1d','5b_3b_ b_13_14_20_31','207120307813327'),(3,'404MXJX5E364','2014-11-14 15:10:03','20','5d','3d',' 2','57','54','OK','63',NULL,'032404','51','33','85','89','13','36','45','58','70',' a','21','1','11','42','63','31','56','2010-0-0','0:0:0','1d','5d','3a',' 9','5b','2a','47','5f',' d','63','1c','59','58','63','53','0','34','95','86','22','92','24','50_1b_64_2b_62_21_1f','26_5d_2c_1b_ 9_ e_39','1e_21_11_18_43_36_ 2','207120307813327'),(4,'404MXJX5E364','2014-11-14 15:10:40','21','3b','18','33','45','19','OK','26',NULL,'032404','41','2d','86','74','22','29','97','26','40','27','31','37','68',' 1','14','39','35','2010-0-0','0:0:0','24',' 1',' 6','55','58',' 9',' 1','38','5c','29','22',' 7','26','16','23','2','34','64','43','14','86','87','3b_3d_2a_46_ 0_ e_44','5c_5f_57_62_43_3e_63','4d_55_56_2f_56_4a_16','207120307813327'),(5,'404MXJX5E364','2014-11-14 15:11:18','31','4c','35','2b','58','29','OK','30',NULL,'032404','4e','4b','93','42','19','12','75','4','60','5a',' 1','46','4',' f','64','18','2a','2010-0-0','0:0:0','2c',' 2','1c','14','4b','32','41','45','43','44','1b','11','23','19','37','83','21','78','86','18','25','27','13_31_1e_57_54_15_32','1e_45_32_ d_35_5d_31','60_4f_28_2a_32_38_50','207120307813327'),(6,'404MXJX5E364','2014-11-14 15:11:55','20','4c','10','3f','91','2e','OK','2f',NULL,'032404','2f','61','20','96','80','24','98','88','73',' 4','56','27','54','5e','28','22','32','2010-0-0','0:0:0','5d','27','1b',' c',' c','30','45','5e','3f','44','5f','4f','23','28','54','69','95','7','12','7','70','100','3a_ 7_64_52_17_17_13','5e_22_34_47_1b_33_60','17_12_2f_61_22_52_ 5','207120307813327'),(7,'404MXJX5E364','2014-11-14 15:12:32',' 8','49','55','57','10','49','OK','53',NULL,'032404','40','27','9','65','88','26','3','76','65','45','34','11','46','59','100','48',' a','2010-0-0','0:0:0','4a','15','16','48','18','4b','49','45','5c','20','1d','35','78','5','63','75','92','28','89','37','9','31','1d_ 8_51_56_5f_20_2d','62_59_10_35_ b_3c_1a','5a_ 6_23_2c_61_32_4a','207120307813327'),(8,'404MXJX5E364','2014-11-14 15:13:10','4d','19','29',' c','17','48','OK','40',NULL,'032404','64','62','68','30','100','54','44','7','93','41','15','9','56','29','100','88','1d','2010-0-0','0:0:0','22','4b',' 3','37','35','27',' 9','47','20','60','26',' a','89','3','79','40','25','20','24','84','78','25','44_33_4b_4a_41_56_ f','37_17_5e_30_4f_49_59','3c_20_3e_2b_30_36_4a','207120307813327'),(9,'404MXJX5E364','2014-11-14 15:13:47',' 0',' 8','24','1f','39','32','OK','15',NULL,'032404','29','30','67','69','36','15','23','48','56','2e','46','41','91','32','61','92','5a','2010-0-0','0:0:0','48',' a',' 2','5c','57','37','37','3c',' b','64','3a','11','77','42','92','28','14','8','61','91','48','65','3a_41_55_62_4b_2a_4b',' b_5f_5a_17_5f_12_59','4b_1b_56_32_57_13_5f','207120307813327'),(10,'404MXJX5E364','2014-11-14 15:14:24','5a','18','60','41','67','30','OK','3e',NULL,'032404','21','29','65','2','72','0','58','82','17','15','1e','95','99','32','99','32','3a','2010-0-0','0:0:0',' 1','48','56','51','45','54',' 9','36','4f','5c','16','40','25','55','75','83','94','4','83','63','25','12','48_56_4a_41_37_51_53',' f_28_ c_21_27_3d_4b','20_31_11_11_56_58_1e','207120307813327'),(11,'404MXJX5E364','2014-11-14 15:15:01','10','51','3f',' 4','35','54','OK','56',NULL,'032404','3f','29','72','5','90','27','35','87','40','20','4f','16','3','58','100','62',' 9','2010-0-0','0:0:0',' 9','12','4b','28','33','52','4f','2c','16',' 0',' 1',' 5','43','23','65','31','29','33','0','5','31','87','2e_23_27_4f_64_17_28','49_2e_27_14_3f_3a_ b','23_13_53_5a_ b_27_54','207120307813327'),(12,'404MXJX5E364','2014-11-14 15:15:39','1a','5d','39','35','71','14','OK','52',NULL,'032404','56','2c','43','22','9','64','93','14','82',' 6','3f','55','26','1f','74','75','1c','2010-0-0','0:0:0','3e','2f','5b','20','37','54','10','1d','2f','4d','19','45','15','33','88','23','33','25','41','83','48','40','19_3d_3a_15_ d_ a_ 1','1d_10_ b_11_45_64_3d','5c_ 6_1d_33_2a_ 6_40','207120307813327'),(13,'404MXJX5E364','2014-11-14 15:16:16','56','31','15','2e','57','54','OK',' 3',NULL,'032404','27','60','91','33','27','56','13','33','34','32','55','1','73','38','33','66','60','2010-0-0','0:0:0','62',' c','2b','4f',' d','25','5f',' d',' b','4a','58','46','46','8','9','25','10','71','49','99','100','61','46_25_5e_59_4f_3e_ 6',' 8_19_21_35_64_31_4a','64_4a_48_31_12_5b_ f','207120307813327'),(14,'404MXJX5E364','2014-11-14 15:16:53',' d','53','46','41','8','1c','OK','61',NULL,'032404','27','3f','83','23','31','17','12','12','63','54','40','68','50',' 8','76','32','20','2010-0-0','0:0:0','39','2d','57','2f','21','36','26','4a','1c','5f','46','54','0','93','97','24','0','21','79','58','99','95','5f_36_ 8_4b_4f_49_ d','2c_35_26_ 5_5e_2f_27','3e_2f_1b_62_3b_16_56','207120307813327'),(15,'404MXJX5E364','2014-11-14 15:17:31',' 8','63','29','20','78','2f','OK','48',NULL,'032404','57','36','18','15','82','91','51','99','30','37','63','94','65','4b','38','59','51','2010-0-0','0:0:0','54','37','5c','5d','23','5a','58','4a','15',' d','5a','5f','78','74','16','91','26','66','82','19','91','81','25_20_40_49_64_ f_3c','19_ 5_43_49_ f_14_2c','20_4c_ 4_2e_35_25_41','207120307813327'),(16,'404MXJX5E364','2014-11-14 15:18:08',' 3',' e','31','22','0','54','OK','53',NULL,'032404',' 7','3a','36','33','27','98','82','67','18','52','36','26','39','1f','46','24','56','2010-0-0','0:0:0','5d','56','19',' 1','4f','15',' b',' 1','4a','5e','49','61','46','22','41','97','80','75','35','67','75','83','35_54_5b_5a_11_47_57','47_17_10_ 4_1d_ 4_13','5a_2f_2e_25_25_3c_17','207120307813327'),(17,'404MXJX5E364','2014-11-14 15:18:45',' 1','2b','40','41','92',' 3','OK','53',NULL,'032404','62','61','31','95','86','94','9','65','88','36',' a','35','84','58','26','90','34','2010-0-0','0:0:0','50','49','5d',' d','51',' 7','14','25',' 9','25',' e','40','20','42','25','43','10','21','39','12','24','33','55_ e_1e_5a_36_ 6_47','31_36_47_3a_17_ 5_2a','1c_1e_61_30_23_35_13','207120307813327'),(18,'404MXJX5E364','2014-11-14 15:19:23','51','62','24','39','98','35','OK','2e',NULL,'032404','56',' 0','36','30','18','35','43','72','23','1e','30','12','13','31','74','76','2f','2010-0-0','0:0:0','28','41','4f','29',' f','28','10','59','44','20','15','51','31','37','90','78','3','53','55','72','41','90','56_ 4_ b_41_ f_11_3f','1d_43_42_2c_4f_ 1_4f','24_3b_ 8_36_ 8_52_28','207120307813327'),(19,'404MXJX5E364','2014-11-14 15:20:00','62','12','23','2c','100','3a','OK',' e',NULL,'032404','35',' 1','15','93','25','93','4','51','4','4b',' f','7','53','18','43','32','59','2010-0-0','0:0:0','37','22','59','1c','32','2d','3f',' f','5d','5e','1b','55','75','17','74','27','98','26','90','92','5','78','1d_43_2d_ f_18_53_57','38_4d_15_1c_45_60_62','2d_ b_64_ 0_3f_19_31','207120307813327'),(20,'404MXJX5E364','2014-11-14 15:20:37','47','31',' 1',' c','61','46','OK','35',NULL,'032404','2a','3f','59','84','59','54','99','75','7','18','63','44','26','32','46','98','58','2010-0-0','0:0:0','3f','2d',' e','62','3a','12','3b',' 4',' 5','53',' 5','15','87','4','69','21','44','64','11','38','20','7','62_50_38_ 4_55_ 8_4a','2c_ b_62_45_25_10_1c','56_20_10_2c_ 5_2d_48','207120307813327'),(21,'404MXJX5E364','2014-11-14 15:21:14','46','1e',' c','4a','55',' b','OK','33',NULL,'032404','2f','3c','26','56','97','80','10','24','64','53','3e','34','68','21','78','73',' 5','2010-0-0','0:0:0','40','21','4e','64','18','4c','17',' a','1e','4c','3b','1e','70','59','95','45','13','55','16','25','11','61','46_2f_ 8_58_39_ e_3d','62_31_ b_3e_11_44_ 1','57_4d_1b_27_5a_62_51','207120307813327'),(22,'404MXJX5E364','2014-11-14 15:21:52','58','3a','4f','3c','50','19','OK','31',NULL,'032404',' a','40','56','31','41','97','83','60','68','34','61','96','43','3d','26','83',' f','2010-0-0','0:0:0','49','5a','5d','2d','3a','18','17','4e','28','51',' f','3e','6','15','97','16','73','54','82','54','0','66','35_13_19_61_61_ 4_ 8','12_20_16_41_19_ c_3e','3c_28_ c_3c_3a_62_46','207120307813327'),(23,'404MXJX5E364','2014-11-14 15:22:29','58','5b',' 8','27','48','2d','OK','5f',NULL,'032404','4f',' 2','32','34','76','83','50','93','5','58','62','73','22','1c','21','61','13','2010-0-0','0:0:0','36','19','45','64','17','64','24','5e',' 1','34','64','2a','18','33','73','49','96','59','3','12','78','93','26_62_4c_64_1c_2a_31','5d_1a_26_2b_34_24_ 8','1c_49_1f_5a_1d_2d_ a','207120307813327'),(24,'404MXJX5E364','2014-11-14 15:23:06','5a','2e','4a','5b','24','44','OK','64',NULL,'032404','17','57','93','13','65','21','32','57','72','12','3a','90','51','3d','23','22','3a','2010-0-0','0:0:0','3c','5a','30','62',' e','1c','53',' 9','49','5f','25','58','62','37','46','62','12','87','43','97','12','1','25_3e_5f_54_2b_ 6_55','5e_26_10_48_25_1c_37','54_53_4b_39_1a_46_ c','207120307813327'),(25,'404MXJX5E364','2014-11-14 15:23:43',' c','26','22','3c','2',' 6','OK','58',NULL,'032404','27','10','91','63','83','20','94','14','10','62','30','5','38','33','66','25','3f','2010-0-0','0:0:0','46','45','51','5e','53','12','30','23','11','26','5a',' 3','27','75','43','0','72','45','11','55','10','89','58_63_55_53_ 2_31_ 7','2c_14_43_44_44_ 5_ 9','3f_30_61_56_ 6_ 3_30','207120307813327'),(26,'404MXJX5E364','2014-11-14 15:24:21','3a','29','16','5a','78','29','OK','2e',NULL,'032404','21',' 2','90','26','5','16','62','5','58','51','52','55','70','25','56','31',' 4','2010-0-0','0:0:0','2e','63',' 5','29','46','24','1f','55','19','48','2b','10','67','38','19','71','70','35','66','88','24','1','43_61_11_64_4d_47_ 7','26_3a_ 4_3a_1f_41_37',' 5_ 1_25_14_1e_20_63','207120307813327'),(27,'404MXJX5E364','2014-11-14 15:24:58',' e','33','4f','48','80','52','OK',' f',NULL,'032404','34','1a','27','26','81','97','31','51','72','5e','3c','11','15','28','87','94','4b','2010-0-0','0:0:0','5c','58','26','4e','2c','17','2f','13','56','3c','52','33','53','4','92','60','29','100','90','75','71','81','1c_55_5a_4a_ 2_4f_63','43_4d_14_ c_32_21_62','5a_ 6_33_ 5_32_49_5b','207120307813327'),(28,'404MXJX5E364','2014-11-14 15:25:35','4c','3b','11',' b','81','34','OK','43',NULL,'032404',' 8','1b','78','36','70','52','77','5','85',' e','4e','23','70','1d','95','38','21','2010-0-0','0:0:0','58','1a','53','64','5b','5b',' 1','19',' d','57','37','5b','59','9','16','26','41','28','28','28','18','66','49_10_10_2f_4f_5f_4b','11_1d_ c_1a_ d_62_ 3','40_21_54_18_23_3b_49','207120307813327'),(29,'404MXJX5E364','2014-11-14 15:26:13','60','1e','35',' 5','24','5b','OK','49',NULL,'032404',' 9',' 8','9','61','70','75','67','34','93','19','62','87','57','37','17','89','49','2010-0-0','0:0:0',' 1','40','12','1e','2e','40',' c','20','34','54','15','1b','34','47','46','28','95','98','16','64','96','95','41_56_ 9_54_53_3d_ c','5e_33_4b_1d_13_3d_20','34_35_37_3c_63_ e_12','207120307813327'),(30,'404MXJX5E364','2014-11-14 15:26:50','20','19',' d','29','95','34','OK','32',NULL,'032404','2a',' e','97','2','76','64','48','10','8','45',' 7','47','58','43','53','5',' d','2010-0-0','0:0:0','61','23','5c','36','2d','18','11','27',' 7','26',' 4',' c','96','17','28','22','63','75','53','7','86','87',' 8_5c_4d_16_2f_30_4c','22_13_25_5e_2c_41_49',' 6_5b_45_3d_4e_30_1d','207120307813327'),(31,'404MXJX5E364','2014-11-14 15:27:27','11','48','4f',' 6','18','4d','OK','44',NULL,'032404','29',' 7','81','78','80','59','47','13','94','49',' 8','10','53','17','85','37','3f','2010-0-0','0:0:0','4f','39','16','20','32','35','5a','35',' 4','49','27','2c','87','35','17','57','66','67','51','89','44','95','27_61_1b_ 2_47_21_3f','37_27_2b_ a_5f_ 3_63','63_5c_ 8_19_29_34_5c','207120307813327'),(32,'404MXJX5E364','2014-11-14 15:28:05','50','5d','58',' 8','20','3d','OK','35',NULL,'032404','46','4f','95','87','2','19','73','24','39','1a','25','68','51','25','10','61','4e','2010-0-0','0:0:0','27','13','3c','5e','1e','4c','37','34','21','1e','42','38','88','54','59','33','15','15','47','87','83','46','13_25_43_46_ a_58_44','5b_3a_4a_ b_36_ 6_4a','11_34_ b_16_36_ f_46','207120307813327'),(33,'404MXJX5E364','2014-11-14 15:28:42','4b',' 9','13','33','76','61','OK','20',NULL,'032404','38','39','6','79','92','19','50','21','61','33',' b','74','1','61','50','52','13','2010-0-0','0:0:0','10','37','41',' e','18','5a','12',' 1','2a','18','26','33','87','99','19','25','90','8','81','34','7','19','62_3f_29_2a_ a_ 2_3e','36_ 5_54_5f_63_21_3f','2c_30_21_46_30_2a_3e','207120307813327'),(34,'404MXJX5E364','2014-11-14 15:29:19',' 3','2d','30','54','91','59','OK','50',NULL,'032404','2a','54','44','51','84','42','79','76','7',' a','58','57','30','4f','42','93',' 2','2010-0-0','0:0:0','3d','1f','54','40','5a','45','5a',' 3','63','2f','10','59','19','13','43','5','2','90','12','52','27','67',' 5_ c_61_43_62_5f_15',' 2_ 5_41_30_3b_54_4a','1b_3b_ 1_44_12_ 5_50','207120307813327'),(35,'404MXJX5E364','2014-11-14 15:29:56','22','54','31','18','61','30','OK','16',NULL,'032404',' 6','2f','46','48','70','20','63','46','85','5f','2c','0','86',' 8','14','12','14','2010-0-0','0:0:0','4d','59','64','2f','44','56','43','47','30','22','12','4f','6','53','24','17','69','98','59','58','100','36','30_2b_ 9_3c_13_26_4b','42_3e_29_50_57_4e_35','50_13_48_32_63_2c_ d','207120307813327'),(36,'404MXJX5E364','2014-11-14 15:30:34','43','4a','36','45','13','47','OK',' 2',NULL,'032404',' 0','29','64','16','10','13','59','98','72','33','38','49','85','52','37','27','33','2010-0-0','0:0:0','63','44','41','62','47',' 8','38','4a','24','1d','37','53','40','74','100','48','37','47','57','87','12','96','3a_4a_ f_3f_30_39_21','2f_55_3d_2d_44_2e_ 2','4e_29_11_ 1_37_30_14','207120307813327'),(37,'404MXJX5E364','2014-11-14 15:31:11','58','3a','30',' d','72','22','OK','62',NULL,'032404','2f','28','91','14','35','32','0','91','31','5a','36','21','27','5b','0','22','55','2010-0-0','0:0:0',' 4','29','16','5b','1f',' c','4c','29','62','3d',' 8','23','32','57','99','78','66','3','73','56','63','82','3a_5d_ a_2a_ b_2e_1c','28_2c_ 5_14_42_30_19','1e_33_38_32_45_57_ 8','207120307813327'),(38,'404MXJX5E364','2014-11-14 15:31:48','16','61','26','12','58','4e','OK','19',NULL,'032404',' c',' 6','59','90','82','93','28','63','78',' 8','23','38','94','40','17','21',' 7','2010-0-0','0:0:0','22',' 0','37','48','4a','41','60',' 5',' 3','5a','3d','5e','58','75','85','67','81','91','16','67','40','1','35_ a_16_5e_2e_59_47',' d_3c_63_33_12_63_ 5','53_ a_ 8_47_39_3a_60','207120307813327'),(39,'404MXJX5E364','2014-11-14 15:32:25','4e','28','11','24','66','50','OK','2b',NULL,'032404','3e','60','34','100','91','83','88','95','67','2f','2b','82','36','3b','86','25','4a','2010-0-0','0:0:0',' 0','37','4b','3b',' 4','3f','63','57','5d','11','57','51','31','41','11','68','67','79','18','72','22','54','55_4b_5a_2a_34_44_38','61_19_3d_5a_41_5d_5c','24_2b_12_23_31_5d_50','207120307813327'),(40,'404MXJX5E364','2014-11-14 15:33:03','55',' c',' a','5b','50',' 2','OK','1f',NULL,'032404',' 4','38','47','82','76','77','91','53','24','3d','21','41','82','3d','97','82','4b','2010-0-0','0:0:0','47','14','15','1b','53','5b','49',' 4','33',' 9','33','23','85','35','98','30','60','43','53','90','6','92','2e_13_46_64_40_63_53',' 7_4c_1c_49_21_20_ 5','22_1b_10_56_16_3a_12','207120307813327'),(41,'404MXJX5E364','2014-11-14 15:33:40','1c','1b','56',' 2','5','11','OK','5b',NULL,'032404','34','3e','87','66','74','34','15','2','32','2c','25','21','84','12','68','74','1e','2010-0-0','0:0:0','2e','64','4a','36','17','35','41','36','15',' 0','58','34','54','55','65','6','15','31','69','59','19','79','37_31_2d_ a_32_56_34','37_22_3d_4c_53_ 3_28','4d_35_5e_19_58_51_31','207120307813327'),(42,'404MXJX5E364','2014-11-14 15:34:17',' 0','34','61','25','71','54','OK','28',NULL,'032404','5c','15','42','73','10','6','58','93','91','46','40','33','69',' b','17','56',' 2','2010-0-0','0:0:0','59','1a','36',' 0','3a','64','28','20','60','56',' 0','1a','81','25','23','23','20','82','74','83','78','8','2d_24_ 2_ d_40_1b_29',' 2_1e_ b_23_22_16_5d','21_25_ 1_40_61_22_27','207120307813327'),(43,'404MXJX5E364','2014-11-14 15:34:55','40','24',' e','50','2','43','OK',' 7',NULL,'032404','18','20','87','62','19','43','59','2','6',' 4','3b','12','1','61','40','33','4f','2010-0-0','0:0:0','34','59','4f','43','28','52',' 0','41','5b','45','5f','48','1','65','84','59','5','50','57','3','95','78',' 0_ 6_5f_2e_5b_42_ 6','56_4f_58_2f_3a_ 9_62','63_56_34_50_13_36_19','207120307813327'),(44,'404MXJX5E364','2014-11-14 15:35:32','4a','19','1d','1d','86',' 0','OK','36',NULL,'032404','2f',' 6','1','58','80','55','81','46','69','17','5f','79','100','46','70','45','5d','2010-0-0','0:0:0','1f','5c','55','39','54','41','43','11','5c','3a','39',' 6','52','16','22','30','60','43','21','96','97','46','1b_ 5_56_23_43_13_5c','61_4b_61_ f_31_ a_47',' 5_43_20_43_1a_2c_ e','207120307813327'),(45,'404MXJX5E364','2014-11-14 15:36:09','5b','35','5b','63','51','4c','OK','55',NULL,'032404','3d','44','94','12','93','10','46','54','12','51','36','10','21',' 2','18','77','2a','2010-0-0','0:0:0','1b','16','20','49','24',' 1','60','1b','25','60','14','47','2','73','15','40','32','69','100','9','77','22','23_2b_4c_ 0_46_ 1_1d','5b_4e_47_2d_20_5b_48',' 5_2a_ c_44_13_26_5a','207120307813327'),(46,'404MXJX5E364','2014-11-14 15:36:46','27','37','2d','3c','76','3f','OK','18',NULL,'032404','35','5d','90','35','18','42','83','6','26','5a',' 9','30','42','5c','19','34','60','2010-0-0','0:0:0','3d','15','3b','31','2c','16','2b','53','25','16','28',' c','61','27','24','62','97','42','90','76','64','31','3e_44_45_43_ d_22_2e','20_64_25_47_15_ 7_50','39_25_1f_15_2e_26_46','207120307813327'),(47,'404MXJX5E364','2014-11-14 15:37:24','35',' 4','12','3b','61',' a','OK','18',NULL,'032404','63','57','96','14','12','37','66','30','26','36',' d','32','98','5b','50','55','64','2010-0-0','0:0:0','42','59','59','3a','22','50','5d','1e','49','17',' b','46','36','51','48','45','19','59','16','69','59','75','17_51_63_4b_3c_5a_3c','40_36_1c_34_40_43_4a','37_42_47_2f_1f_29_3f','207120307813327'),(48,'404MXJX5E364','2014-11-14 15:38:01',' 8','41','3e','2d','36','2a','OK','61',NULL,'032404','4a','60','54','21','68','49','57','16','46','4d','33','62','30','1e','34','74',' e','2010-0-0','0:0:0','52','17','2c','5b','47','61','40','1d','4f','4e','14','5f','28','48','0','55','8','44','25','75','58','82','15_ b_2b_44_53_2b_4d','5a_5e_5a_5a_1c_37_59','39_ f_50_15_21_19_46','207120307813327'),(49,'404MXJX5E364','2014-11-14 15:38:38','63','32','4d','17','61',' e','OK','62',NULL,'032404','49','12','47','41','13','3','72','11','30','36','22','14','62','34','13','0','24','2010-0-0','0:0:0',' 1','3c','56','2a','56','37','2d','1c','60','30','33','4a','28','49','48','19','74','47','69','7','14','40','17_34_21_51_28_4f_57','13_34_1a_4d_1f_15_ 1','62_ b_58_44_53_64_1b','207120307813327'),(50,'404MXJX5E364','2014-11-14 15:39:15','11',' b','34','5e','50','1c','OK','36',NULL,'032404','3f','28','83','75','34','37','83','9','22','57','47','65','92','2e','6','30','5b','2010-0-0','0:0:0',' 6',' 5','4c',' e','12','5b','62','32','44','5d','42',' b','64','25','63','47','43','72','97','21','23','46','4e_4f_ 4_ 2_3d_49_57','26_23_62_13_4f_5a_25','28_30_ 4_20_10_28_4e','207120307813327'),(51,'404MXJX5E364','2014-11-14 15:39:53','5f','23','5b','5f','55','4e','OK','5f',NULL,'032404','2c','5f','85','42','20','43','83','3','79',' f','4a','45','93','44','81','46',' 6','2010-0-0','0:0:0','59','53',' d','41','61','49','63',' 1','23','1e','3f',' 1','94','98','69','67','64','95','14','55','14','55','41_23_ 7_64_ a_1f_ c','3e_38_62_5e_3e_59_46','2f_50_ d_51_41_26_24','207120307813327'),(52,'404MXJX5E364','2014-11-14 15:40:30','23',' e','39','14','72','47','OK','58',NULL,'032404','31',' 9','72','0','17','27','96','84','57',' 7','28','62','60','16','30','18','1d','2010-0-0','0:0:0','41','43','30','10','64','2d','15','40','38',' c','1a','27','32','51','82','67','73','89','98','51','68','46','24_60_22_5f_62_3d_5a','2c_10_41_48_32_59_5a','26_39_3a_18_58_41_5f','207120307813327'),(53,'404MXJX5E364','2014-11-14 15:41:08','37',' 8','1c','42','65','40','OK','1a',NULL,'032404','61','49','71','18','24','16','20','75','76','33','57','34','91','38','32','17','38','2010-0-0','0:0:0','3e','36','20',' b',' f','2a','42','4a','35','43','27','44','22','96','78','23','83','6','49','33','54','100','42_5b_52_17_1d_36_5c','1c_33_3b_54_ 8_4e_3f','14_34_20_22_1b_39_57','207120307813327'),(54,'404MXJX5E364','2014-11-14 15:41:45','30','38','31','38','90','52','OK','4e',NULL,'032404',' c','30','61','8','94','23','31','27','45','60','29','32','13','49','82','18','5d','2010-0-0','0:0:0','62','3e','46','2c',' a','5f','34',' 2','3a','3b','47','5c','0','75','45','96','23','12','26','21','20','56','17_27_32_2a_64_3d_2e','28_2c_44_54_4a_53_48','54_46_3b_51_1a_42_2d','207120307813327'),(55,'404MXJX5E364','2014-11-14 15:42:22','28','21',' 8','20','25','32','OK','54',NULL,'032404','45',' 8','3','7','94','15','31','83','69','36','3f','75','38','4e','71','65','1d','2010-0-0','0:0:0','18','11','42',' 8',' 6','31','59','49','54','55','35','1d','94','96','30','43','23','39','80','30','49','23','11_3d_31_2b_40_52_22','46_56_57_1d_ 5_36_37','26_62_41_37_46_47_52','207120307813327'),(56,'404MXJX5E364','2014-11-14 15:43:00','15','20','2b','50','92','42','OK','1f',NULL,'032404','16','5c','54','89','9','72','16','93','39','1d','4a','81','1','25','59','50','57','2010-0-0','0:0:0','5a','62','35','34','4a','18','14','5b','26',' 4','61',' 5','72','43','54','49','84','29','33','42','80','62','48_ 8_26_22_35_23_62','3a_35_49_56_3d_ 6_4e','4b_27_64_62_44_62_19','207120307813327'),(57,'404MXJX5E364','2014-11-14 15:43:37','17','28','3a','2e','95','1b','OK','3b',NULL,'032404','2a',' 9','54','60','22','61','84','6','92',' d','5b','45','34',' 6','14','34','62','2010-0-0','0:0:0','4d','1d','2f','1c','25','54','62','46','64','3c','17',' 3','72','43','38','76','17','77','90','6','4','21','52_3e_ 0_31_25_1e_4f','17_32_49_ b_17_57_5f','15_ 5_11_21_52_51_ c','207120307813327'),(58,'404MXJX5E364','2014-11-14 15:44:14','1f','20','29','2c','70','4f','OK','3a',NULL,'032404','57','10','67','25','27','60','49','11','90','3b','1d','46','33',' f','87','13','51','2010-0-0','0:0:0','56','15',' b','43','58','44','49','2e','13','25',' 7','15','97','53','41','83','79','34','0','47','59','74','48_3a_19_1d_10_30_3b',' 6_3b_3f_37_23_46_48',' 9_54_5b_3b_2f_1c_40','207120307813327'),(59,'404MXJX5E364','2014-11-14 15:44:51','5e','1d','1c','48','89','37','OK','30',NULL,'032404','16','61','51','4','6','84','75','56','0',' 4','19','60','79','12','60','15','5b','2010-0-0','0:0:0','1a','3f','40','5c','51',' 9',' 5','59','53','61','14','28','10','4','63','51','99','70','58','78','73','3','63_58_16_5b_28_22_21','50_4f_25_3d_2c_54_38','3e_18_2c_44_57_50_1c','207120307813327'),(60,'404MXJX5E364','2014-11-14 15:45:29','2e','34','2b','3a','10','47','OK','33',NULL,'032404','62','30','38','68','19','75','32','98','58','4a','16','62','24','2e','9','85','17','2010-0-0','0:0:0','22','41','2e',' f','36',' 8','59','3c','4e',' f','64','36','67','66','88','7','95','11','47','59','18','62','43_ 6_13_38_1d_58_3c','25_43_ 0_48_2c_3b_ 8','16_18_63_4e_4b_60_ 7','207120307813327'),(61,'404MXJX5E364','2014-11-14 15:46:06','35','42','47','1e','34','4d','OK',' 2',NULL,'032404','1b',' e','48','78','81','51','9','89','3','4d','34','8','61','4a','93','75','53','2010-0-0','0:0:0','47',' 9','52','50','4f','57','42',' e','27',' 6',' 9','26','60','100','33','20','87','51','32','77','22','47','18_3b_45_31_ 7_1b_48','4e_ 6_1d_59_16_3b_31','4c_5c_3f_51_38_10_19','207120307813327'),(62,'404MXJX5E364','2014-11-14 15:46:43','1b','58','22','22','94','2d','OK','11',NULL,'032404','49','1a','32','64','24','54','18','16','46','41','56','15','80',' 1','20','18','31','2010-0-0','0:0:0',' b','10',' 9','31','3f','39','5a',' 1','16','46',' 7',' 8','3','58','54','0','69','47','99','96','23','34','27_57_ d_4d_15_1a_ 7','16_5f_21_ e_57_4d_4a','12_3f_ b_63_ 2_55_4c','207120307813327'),(63,'404MXJX5E364','2014-11-14 15:47:21','43','4d','4a','61','52',' e','OK','4e',NULL,'032404','14','4e','27','97','6','62','14','54','7','24','5c','44','0','27','96','31',' e','2010-0-0','0:0:0','2f',' a','40','21','26','16','62',' d','32','4c','3f','60','68','100','4','11','43','67','21','39','4','74','17_19_39_43_ 6_ b_17','5b_ a_45_25_4d_61_3f','57_5f_11_4d_ 3_58_19','207120307813327'),(64,'404MXJX5E364','2014-11-14 15:47:58','62','4a','1c','1e','86','37','OK','17',NULL,'032404','57',' 2','24','47','50','84','47','54','75','40','33','88','4','5d','15','90','3d','2010-0-0','0:0:0','50','53','3a','2a','1a','40','5c','5e','13','5b','3c','57','92','47','4','49','65','60','94','30','75','93','4c_2c_58_29_3f_13_2f','39_2b_64_5c_5b_56_16','1f_3c_10_1f_ 3_19_56','207120307813327'),(65,'404MXJX5E364','2014-11-14 15:48:35','60',' f','4b','32','58','19','OK','38',NULL,'032404','16','60','95','12','83','28','39','6','13','1b','15','57','14','45','70','78','23','2010-0-0','0:0:0','5f','27',' 5','26','62','25','28',' 3','33','3e','57',' e','31','28','67','23','36','11','41','88','60','8','62_5b_58_ a_5c_1f_5a','52_5d_38_54_2c_16_ 6','2f_1a_22_46_23_54_24','207120307813327'),(66,'404MXJX5E364','2014-11-14 15:49:12','3a',' 6','43','50','32','1f','OK','58',NULL,'032404','20',' d','88','57','86','3','99','95','85',' e','46','59','75','31','8','6','18','2010-0-0','0:0:0','45','25','57','42','60','64','29','2f','64','2b',' 6','58','43','40','65','60','2','24','28','9','75','88','1b_60_3c_42_14_16_2e','39_ 7_19_60_ b_ 4_26','3b_30_61_43_18_55_ 7','207120307813327'),(67,'404MXJX5E364','2014-11-14 15:49:50','4c','45','26','42','64','5b','OK','13',NULL,'032404','45',' 6','51','33','97','15','33','51','68','3d','42','78','17','30','99','60','3f','2010-0-0','0:0:0',' 6','3c','1d','46','60',' b','56',' 8','3a','63','15','27','98','11','100','41','22','6','76','79','18','85','32_4a_12_34_44_4d_56','1a_51_53_1a_37_42_52',' 5_4d_ 1_19_37_34_26','207120307813327'),(68,'404MXJX5E364','2014-11-14 15:50:27','1f','44','1a','21','100','4b','OK','4f',NULL,'032404',' 5','1c','11','88','34','87','68','5','96','3c','39','25','85','4c','96','31','44','2010-0-0','0:0:0','33','4a','50','33','24',' 8','32','42','22','27','1f','59','90','19','44','39','90','84','55','65','99','6','59_27_2c_24_ 6_32_64',' a_4e_56_1a_19_2f_2d',' 7_ 9_17_ 1_40_1f_4f','207120307813327'),(69,'404MXJX5E364','2014-11-14 15:51:04','59','50','5b','32','61',' 1','OK','47',NULL,'032404',' 9','5e','39','90','50','36','25','90','72','60',' 9','69','54','28','58','29',' 4','2010-0-0','0:0:0','5e','1f','33','62','56','21','37','5e',' 6','62','55','26','36','77','63','93','12','11','16','38','30','51','3c_4e_29_61_17_14_ 2','39_32_22_21_35_41_4a','53_17_5d_10_3c_5b_22','207120307813327'),(70,'404MXJX5E364','2014-11-14 15:51:42','25','42','27',' c','46','32','OK',' 9',NULL,'032404',' 6','4b','83','96','8','16','35','12','47','3e','60','15','27','4c','18','59','10','2010-0-0','0:0:0','1e',' 9','26','42','12','14','48','3e','57','51',' 6','33','51','97','82','85','3','70','85','32','15','97',' 2_47_11_32_2e_3a_58','53_ 9_ c_64_31_2b_4d','14_ 4_41_3e_56_19_37','207120307813327'),(71,'404MXJX5E364','2014-11-14 15:52:19','11','4b','62',' 8','98','2f','OK',' 3',NULL,'032404','57','4a','20','43','46','62','57','2','25','48',' b','14','44','51','74','21','1e','2010-0-0','0:0:0','38','55','47','61',' f','55','21','2e','1d',' 4','36','18','86','9','32','82','100','47','60','40','81','11','4a_16_19_50_31_5f_14','61_5b_ 8_15_16_42_37','31_ c_5c_59_52_60_20','207120307813327'),(72,'404MXJX5E364','2014-11-14 15:52:56',' a','64','14','36','70','36','OK','4b',NULL,'032404','4a','3c','98','40','24','38','48','81','89','4f','5e','45','66','5e','73','62','50','2010-0-0','0:0:0','51','50','1d','5f','34','39','53','5b','17','3f','14','11','67','11','87','90','5','75','2','76','51','95','46_29_5e_42_55_2f_61',' 2_1e_5d_26_64_21_ 9','3e_12_5d_ b_1c_4f_25','207120307813327'),(73,'404MXJX5E364','2014-11-14 15:53:33','12','3d',' 8','2c','58','1b','OK','4a',NULL,'032404','58','58','7','67','16','79','15','65','97',' 3','3c','14','13','24','68','95','5e','2010-0-0','0:0:0','3d','63','5b','1c','44','38','2f','2e','4c','3e','13','1d','85','12','87','35','71','22','96','97','76','20',' d_30_5d_ 7_3a_2e_4d','53_42_15_40_1a_ 5_61','56_20_14_ 3_2b_4a_4d','207120307813327'),(74,'404MXJX5E364','2014-11-14 15:54:11','34','4e','49','3a','79',' d','OK',' 1',NULL,'032404','2d','5d','87','47','65','72','35','96','97','3f','1f','80','85','1a','73','89','44','2010-0-0','0:0:0',' 0','57','61','1f','46','21','28','51','50',' 5','5c','61','26','24','14','27','32','94','35','2','8','29','23_47_ 3_49_1c_59_ f','28_4d_56_ 3_5f_ f_2e','1c_11_ 8_ 1_5b_28_63','207120307813327'),(75,'404MXJX5E364','2014-11-14 15:54:48','43','1a','53','60','79','3e','OK','3c',NULL,'032404',' e','17','1','67','29','38','8','3','40','3b','5a','31','71',' 7','42','89','52','2010-0-0','0:0:0','55','5f','52',' e','39','48','2b','33',' 8','25','64','2f','35','13','93','2','64','75','96','46','75','71','2c_62_10_ 6_58_2a_20',' 3_61_18_5d_22_ 3_3b','24_2c_2d_35_5d_ 1_34','207120307813327'),(76,'404MXJX5E364','2014-11-14 15:55:26','23','2f','17','2f','91','16','OK',' 1',NULL,'032404','24',' 2','45','12','35','26','89','41','30','58','5c','93','5','23','89','33','1c','2010-0-0','0:0:0','41','31','18','4d',' 5','13','4e','37','5b','23','2d','30','41','66','93','47','41','29','9','56','58','39','11_14_2d_3a_61_2e_1d','25_5c_13_59_28_33_ 3','1a_18_ b_3b_ a_30_18','207120307813327'),(77,'404MXJX5E364','2014-11-14 15:56:03',' 7','2b','1b',' f','24','51','OK','20',NULL,'032404','40','61','14','83','61','36','82','39','80',' 7','4a','53','83','53','22','11',' d','2010-0-0','0:0:0','5a','36','2e','3e','3c','49','4c','14','61','26',' 3','52','15','63','25','59','95','25','50','97','44','78','23_41_38_54_4a_ 9_62','22_50_3d_51_2a_ 3_31','10_48_5e_51_59_46_3d','207120307813327'),(78,'404MXJX5E364','2014-11-14 15:56:41','18','52','57','15','95','36','OK','5e',NULL,'032404','21','1b','83','64','95','98','66','42','44','2f','53','40','79',' 1','21','13','52','2010-0-0','0:0:0','40','3c','27','1c','63','4b','5c','32','16','38','1d',' 9','13','54','26','12','26','99','66','57','95','89','48_43_1b_15_ 7_19_36','4d_ f_15_45_3a_47_ f',' c_4a_50_54_54_2e_ 3','207120307813327'),(79,'404MXJX5E364','2014-11-14 15:57:18','3f','3c',' 4','33','8','38','OK','3c',NULL,'032404','54','49','58','56','38','41','66','98','91','27',' 2','63','83',' 1','51','65','20','2010-0-0','0:0:0',' 1',' d','1b',' 8','2e','11','31','1b','38','31','2f','1c','91','89','92','66','23','75','77','83','79','98','5b_18_2f_1a_57_58_5b','31_5f_33_48_40_16_3f','37_3a_3f_60_28_52_35','207120307813327'),(80,'404MXJX5E364','2014-11-14 15:57:55','55','36',' f','21','69','27','OK','1c',NULL,'032404','20','2c','3','64','52','100','7','92','56','1f','43','16','98','10','40','15','33','2010-0-0','0:0:0','38','35','2b','22',' e','1b',' 4','22','26','43','3f',' 6','67','35','13','38','13','45','98','11','89','26','55_52_2c_1c_ f_ 6_18',' 6_50_5a_ 8_4a_5a_31','28_ f_13_ c_36_57_59','207120307813327'),(81,'404MXJX5E364','2014-11-14 15:58:33','32','14',' 8','3d','50','60','OK','44',NULL,'032404','50','3e','88','60','4','25','67','70','29','2e','33','76','64',' b','83','57','57','2010-0-0','0:0:0','3a','56','60',' 8','33',' 8','5c','63','27',' 6','27','44','46','97','81','85','91','94','73','12','0','67',' b_5b_2a_ 2_4e_58_ a','10_5c_21_58_ 8_26_14','19_50_50_1e_45_34_54','207120307813327'),(82,'404MXJX5E364','2014-11-14 15:59:10',' b',' e','42','3b','83',' 0','OK',' b',NULL,'032404','22','22','10','89','39','68','32','80','72','2e','57','25','48','64','25','60','49','2010-0-0','0:0:0','35','53','1b','21','1b','5b','16','41','48','5e','51','45','7','56','40','97','1','66','26','29','83','78','1f_15_12_53_1f_5a_53','15_21_42_11_3d_11_1b','18_5e_ a_36_12_2e_4d','207120307813327'),(83,'404MXJX5E364','2014-11-14 15:59:47','24',' 2','28','34','88','2e','OK','4e',NULL,'032404','2b',' 0','98','11','55','42','16','6','59','1f','61','97','31',' b','47','33','54','2010-0-0','0:0:0','12',' a',' d','46','3b','61',' 4','29',' d','25','62','44','95','60','79','3','16','30','54','39','16','26','58_45_13_ c_11_61_2a','5a_34_36_19_10_31_48','50_ 3_28_5a_ 3_47_ 9','207120307813327'),(84,'404MXJX5E364','2014-11-14 16:00:24','10','1f','41','42','41',' c','OK','4d',NULL,'032404',' 7','11','37','77','25','16','60','46','93','37','1d','99','5','21','100','58','13','2010-0-0','0:0:0',' 9','1c','57','30','1c','3a','4f','3f','57','29','1f','12','11','10','20','82','27','46','7','21','75','90','35_4d_3e_3f_5f_61_ 7',' 3_12_3d_47_2d_1e_1c','3c_21_60_22_ 2_43_ 2','207120307813327'),(85,'404MXJX5E364','2014-11-14 16:01:02','16','62',' b','47','19',' 6','OK','57',NULL,'032404','3e','26','57','27','13','56','70','33','52','43','57','83','97','59','67','16',' 0','2010-0-0','0:0:0','2d','4c',' a','21','4c','36','11','3b','54','21','3e','1a','7','81','64','49','10','97','3','56','8','4','4a_28_46_1b_44_53_32','2d_3c_3e_56_27_30_64',' 6_43_22_3d_ 3_2c_16','207120307813327'),(86,'404MXJX5E364','2014-11-14 16:01:39','13','3f','5a','59','45','2d','OK','63',NULL,'032404','21','15','26','75','23','30','30','3','90','20','26','84','95',' d','13','100','45','2010-0-0','0:0:0',' a',' 5','23',' d','46','28','11','60','19','35','23','4d','44','65','21','33','45','54','100','58','22','59',' a_ e_ 4_4f_31_44_26',' 4_2e_4f_11_5c_ 3_58',' a_38_3b_1f_50_60_40','207120307813327'),(87,'404MXJX5E364','2014-11-14 16:02:16','59','50',' 4',' 6','63','55','OK','3b',NULL,'032404',' 6','37','87','99','50','27','78','83','20','60','1c','5','26','62','93','83','55','2010-0-0','0:0:0','64','5e',' f','2b','2d','25','3f','18','2b','1a','61','4e','39','83','34','70','14','28','65','57','63','97','62_52_5a_34_ 4_44_37','63_34_14_ 2_ 0_5b_37','43_10_ b_1e_4d_ 4_5d','207120307813327'),(88,'404MXJX5E364','2014-11-14 16:02:54','48','49','4e','24','17','3f','OK','58',NULL,'032404','16','10','31','15','74','15','70','55','66','36','1a','89','94','35','38','46','14','2010-0-0','0:0:0',' 2',' 0',' 4','12','22',' 8','4e','27','54','4d','23','21','24','93','79','9','48','89','22','87','84','80','1f_5b_22_56_2f_1f_ 9','2d_4e_1f_45_5e_34_5f','1c_29_ d_1c_30_23_29','207120307813327'),(89,'404MXJX5E364','2014-11-14 16:03:31','23','28','37','63','80','16','OK','50',NULL,'032404',' b',' 1','26','7','61','46','59','40','63','5d','33','56','58','44','61','60','1f','2010-0-0','0:0:0','2d','29','43','3f','14','34','4d','32','24','11','2e','1d','69','41','10','83','95','59','58','62','92','96','51_ 5_45_35_35_1c_59','2a_12_1f_ f_5a_25_46','47_4e_4a_4d_3d_3e_1f','207120307813327'),(90,'404MXJX5E364','2014-11-14 16:04:08','4b','26','1c','3a','19',' f','OK','4b',NULL,'032404','2c','21','66','30','37','87','84','66','62',' e','42','6','26',' 2','69','99','62','2010-0-0','0:0:0','39','4a','1d','1b','5b',' 4','56',' 8','59','31','20','42','53','87','40','57','76','87','84','37','72','49','3b_47_62_14_20_3f_55','57_3e_48_5c_5a_54_2f','3e_23_4c_ a_1f_10_27','207120307813327'),(91,'404MXJX5E364','2014-11-14 16:04:46','29','40','59','36','50','35','OK','3a',NULL,'032404','4f','5c','97','99','33','69','27','77','8','53','11','82','21','1f','34','8','41','2010-0-0','0:0:0','52','12','42','21','4b','5f','37','10','25','4d',' e','21','99','89','64','20','14','65','41','4','5','49','2d_33_43_5a_48_32_4e','3d_36_ 4_1b_25_47_ 0','4a_4d_ c_ d_ 3_61_1f','207120307813327'),(92,'404MXJX5E364','2014-11-14 16:05:23','23',' d','37','32','23','1d','OK','56',NULL,'032404','11','29','53','38','26','17','28','78','16','4b',' 1','78','16',' 8','100','91','62','2010-0-0','0:0:0','43','36','54','1a','49','43',' 8',' 9','33','16','51','18','95','58','9','50','67','16','95','2','52','43','3f_62_42_3c_2c_1c_24','64_ 2_2f_61_15_ 0_15','3d_2c_2d_45_3b_ 4_4c','207120307813327'),(93,'404MXJX5E364','2014-11-14 16:06:00','34','25','1a','2b','72',' b','OK','10',NULL,'032404',' f','22','44','90','93','82','80','68','20',' 6',' 4','32','34','4b','41','77','31','2010-0-0','0:0:0','45','31','39','38','1b','4e',' 5','50','61','18','34','14','85','54','58','3','90','1','57','7','41','9','4f_ 6_ b_4e_41_3f_42','2b_50_46_18_5d_37_3a','5b_18_54_62_11_4e_5d','207120307813327'),(94,'404MXJX5E364','2014-11-14 16:06:37','4c','30','36','4d','18','22','OK','62',NULL,'032404','4b',' b','97','26','48','19','26','69','91','5e','2b','57','86','11','37','94','1c','2010-0-0','0:0:0','47','3e','2e','25','51','59','4f','31','36',' b','49','3c','63','45','4','92','26','46','1','35','29','25','49_39_60_2b_ 9_34_32','2f_63_ d_55_3d_2b_ 1',' c_3a_20_5f_1a_4a_ 4','207120307813327'),(95,'404MXJX5E364','2014-11-14 16:07:15','34','31','61','3a','43','32','OK',' 9',NULL,'032404','47','50','51','84','17','31','75','48','98','16','22','48','44','11','92','33','49','2010-0-0','0:0:0','10','34','58','61','61','48','59','12',' a','28',' 8','35','14','4','1','79','70','18','87','23','55','50','3e_3e_23_2f_4d_19_51','4b_19_4b_46_37_35_ 9','2a_ 4_13_2f_40_27_ c','207120307813327'),(96,'404MXJX5E364','2014-11-14 16:07:52','1a','2c','62','1b','52','40','OK','4e',NULL,'032404','59','47','30','17','13','53','14','58','45','33','29','46','83','47','69','49','29','2010-0-0','0:0:0',' e','26',' 9','44','30','1d','53','14','1d','12','27',' a','60','86','83','19','75','58','35','23','91','40','49_49_4e_5d_56_44_3e',' 8_5a_14_47_35_17_22','50_61_1c_5e_58_21_60','207120307813327'),(97,'404MXJX5E364','2014-11-14 16:08:29','36','33','27',' 6','96','43','OK','20',NULL,'032404','60','44','48','14','94','7','46','29','39','2e','14','54','65','1b','20','41','5b','2010-0-0','0:0:0','3d','52','59','25',' 7','36','38','23','52','2e','36','32','29','21','64','84','60','8','57','26','42','55','33_4f_ 2_58_2e_22_5b','37_33_37_10_14_20_1d','49_29_43_2b_58_55_60','207120307813327'),(98,'404MXJX5E364','2014-11-14 16:09:06',' b','64','1c','44','62','3b','OK','1a',NULL,'032404','13',' 3','60','38','16','56','41','17','56',' 0','22','54','54','51','18','73','10','2010-0-0','0:0:0','22',' c',' 0','59','4a','22',' 5','64','28','49','1d','23','85','19','83','47','39','35','41','86','9','7','16_3c_ d_ 9_2a_54_34','2e_1b_32_46_56_19_53',' f_15_42_16_2b_27_2d','207120307813327'),(99,'404MXJX5E364','2014-11-14 16:09:44','24','11','30','1e','52','25','OK','24',NULL,'032404',' 6',' 0','2','62','55','54','34','17','93','3a','2f','71','11','41','74','25',' 7','2010-0-0','0:0:0','4a',' d','13','29','1e','4c','38',' e',' 7','52','25','18','50','100','30','13','60','48','15','47','42','62','1b_51_11_2a_14_ 7_14',' 6_41_58_2f_10_25_ a','28_3c_29_63_52_57_57','207120307813327'),(100,'404MXJX5E364','2014-11-14 16:10:21','63','42','2d','2f','42','1a','OK','30',NULL,'032404','36','49','44','38','46','89','26','34','53','24','37','9','22','2a','18','64','35','2010-0-0','0:0:0','1f','2f','33','1e','25','36','10','27','50','51','32','1b','95','94','65','66','87','95','6','51','8','40','61_64_63_ 2_14_5d_2a','22_5b_54_4b_ 4_ d_ d',' 1_3d_50_30_ 0_3a_5c','207120307813327'),(101,'404MXJX5E364','2014-11-14 16:10:58','53','2b','5b','5e','80','29','OK',' 5',NULL,'032404',' 6','28','80','8','66','60','75','65','91','62','51','36','22',' 8','36','75',' 5','2010-0-0','0:0:0','33','17','1d','5d','28','34',' 8','59','4f',' e',' f','4f','63','97','63','90','40','77','74','79','41','91','4e_49_2f_2d_5e_44_57','4f_25_1a_19_11_20_17','57_39_37_4d_ 7_ 7_4f','207120307813327'),(102,'404MXJX5E364','2014-11-14 16:11:36','4f','61','30','62','53','53','OK','23',NULL,'032404',' 9',' c','9','30','28','45','51','13','36','5a',' 0','59','33','3c','60','33','28','2010-0-0','0:0:0','28','57','45','2d',' 1','35','42','4f','22','24',' 0',' 0','76','43','4','27','57','97','71','38','40','35',' b_3b_63_17_1b_46_64','5a_44_ 4_35_5c_ d_58','57_1b_49_45_36_56_24','207120307813327'),(103,'404MXJX5E364','2014-11-14 16:12:13','4d','5b','47',' 6','85','4f','OK','51',NULL,'032404','56','62','92','61','67','20','31','39','95','21','54','18','48','36','55','4','18','2010-0-0','0:0:0','3c','1e','3c','37',' 0','33','3a','55','53','49','4b','29','13','36','27','6','62','21','54','6','26','66',' 2_3d_21_5f_10_54_3b','49_10_18_5b_42_32_35','1e_33_48_36_62_2c_ d','207120307813327'),(104,'404MXJX5E364','2014-11-14 16:12:50',' 2','4a','40','24','84','5d','OK','4a',NULL,'032404',' 6','52','16','57','39','40','55','77','89',' 5','14','10','30','1b','29','58','3b','2010-0-0','0:0:0','1f','26','57',' b','35',' 3',' b','53','53','64','64','4e','24','94','30','32','34','23','3','89','44','56','17_5a_46_ b_ 6_54_21','4a_5b_56_5b_11_ 7_29',' e_23_4a_16_5f_ c_56','207120307813327'),(105,'SKJY1107','2014-11-17 15:54:39','01','b0','02','00','49','02','OK','0201',NULL,'032412','00','00','','100','50','','','','100','01','01','50','10','01','50','50','00','2014-11-17','16:16:38','00','00','00','08','00','01','0f','00','00','000202','01','NG','','','','','100','64','100','64','100','64','NG_NG_NG_NG_NG_NG_NG','NG_NG_NG_NG_NG_NG_NG','NG_NG_NG_NG_NG_NG_NG','207732457982325'),(106,'SKJY1107','2014-11-17 15:55:24','01','b0','02','00','49','02','OK','0201',NULL,'032412','00','00','','100','50','','','','100','01','01','50','10','01','50','50','00','2014-11-17','16:17:24','00','00','00','08','00','01','0f','00','00','000202','01','NG','','','','','100','64','100','64','100','64','NG_NG_NG_NG_NG_NG_NG','NG_NG_NG_NG_NG_NG_NG','NG_NG_NG_NG_NG_NG_NG','207732457982325'),(107,'SKJY1107','2014-11-17 15:56:10','01','b0','02','00','48','02','OK','0201',NULL,'032412','00','00','','100','50','','','','100','01','01','50','10','01','50','50','00','2014-11-17','16:18:9','00','00','00','08','00','01','0f','00','00','000202','01','NG','','','','','100','64','100','64','100','64','NG_NG_NG_NG_NG_NG_NG','NG_NG_NG_NG_NG_NG_NG','NG_NG_NG_NG_NG_NG_NG','207732457982325'),(108,'SKJY1107','2014-11-17 15:57:18','01','b0','02','00','48','02','OK','0201',NULL,'032412','00','00','','100','50','','','','100','01','01','50','10','01','50','50','00','2014-11-17','16:19:17','00','00','00','08','00','01','0f','00','00','000202','01','NG','','','','','100','64','100','64','100','64','NG_NG_NG_NG_NG_NG_NG','NG_NG_NG_NG_NG_NG_NG','NG_NG_NG_NG_NG_NG_NG','207732457982325'),(109,'SKJY1107','2014-11-17 15:58:03','01','b0','02','00','49','02','OK','0201',NULL,'032412','00','00','','100','50','','','','100','01','01','50','10','01','50','50','00','2014-11-17','16:20:2','00','00','00','08','00','01','0f','00','00','000202','01','NG','','','','','100','64','100','64','100','64','NG_NG_NG_NG_NG_NG_NG','NG_NG_NG_NG_NG_NG_NG','NG_NG_NG_NG_NG_NG_NG','207732457982325'),(110,'SKJY1107','2014-11-17 15:58:49','01','b0','02','00','49','02','OK','0201',NULL,'032412','00','00','','100','50','','','','100','01','01','50','10','01','50','50','00','2014-11-17','16:20:48','00','00','00','08','00','01','0f','00','00','000202','01','NG','','','','','100','64','100','64','100','64','NG_NG_NG_NG_NG_NG_NG','NG_NG_NG_NG_NG_NG_NG','NG_NG_NG_NG_NG_NG_NG','207732457982325'),(111,'SKJY1107','2014-11-17 15:59:35','01','b0','02','00','48','02','OK','0201',NULL,'032412','00','00','','100','50','','','','100','01','01','50','10','01','50','50','00','2014-11-17','16:21:34','00','00','00','08','00','01','0f','00','00','000202','01','NG','','','','','100','64','100','64','100','64','NG_NG_NG_NG_NG_NG_NG','NG_NG_NG_NG_NG_NG_NG','NG_NG_NG_NG_NG_NG_NG','207732457982325'),(112,'SKJY1107','2014-11-17 16:00:21','01','b0','02','00','48','02','OK','0201',NULL,'032412','00','00','','100','50','','','','100','01','01','50','10','01','50','50','00','2014-11-17','16:22:20','00','00','00','08','00','01','0f','00','00','000202','01','NG','','','','','100','64','100','64','100','64','NG_NG_NG_NG_NG_NG_NG','NG_NG_NG_NG_NG_NG_NG','NG_NG_NG_NG_NG_NG_NG','207732457982325'),(113,'SKJY1107','2014-11-17 16:01:07','01','b0','02','00','48','02','OK','0201',NULL,'032412','00','00','','100','50','','','','100','01','01','50','10','01','50','50','00','2014-11-17','16:23:6','00','00','00','08','00','01','0f','00','00','000202','01','NG','','','','','100','64','100','64','100','64','NG_NG_NG_NG_NG_NG_NG','NG_NG_NG_NG_NG_NG_NG','NG_NG_NG_NG_NG_NG_NG','207732457982325'),(114,'SKJY1107','2014-11-17 16:01:53','01','b0','02','00','48','02','OK','0201',NULL,'032412','00','00','','100','50','','','','100','01','01','50','10','01','50','50','00','2014-11-17','16:23:51','00','00','00','08','00','01','0f','00','00','000202','01','NG','','','','','100','64','100','64','100','64','NG_NG_NG_NG_NG_NG_NG','NG_NG_NG_NG_NG_NG_NG','NG_NG_NG_NG_NG_NG_NG','207732457982325'),(115,'SKJY1107','2014-11-17 16:02:39','01','b0','02','00','48','02','OK','0201',NULL,'032412','00','00','','100','50','','','','100','01','01','50','10','01','50','50','00','2014-11-17','16:24:37','00','00','00','08','00','01','0f','00','00','000202','01','NG','','','','','100','64','100','64','100','64','NG_NG_NG_NG_NG_NG_NG','NG_NG_NG_NG_NG_NG_NG','NG_NG_NG_NG_NG_NG_NG','207732457982325'),(116,'404MXJX5E364','2014-11-17 22:26:00','01','b0','02','00','26','02','OK','0201',NULL,'032412','00','00','','100','50','','','','100','01','01','50','10','01','50','50','00','2014-11-17','22:47:59','00','00','00','08','00','01','0f','00','00','000202','01','NG','','','','','100','64','100','64','100','64','NG_NG_NG_NG_NG_NG_NG','NG_NG_NG_NG_NG_NG_NG','NG_NG_NG_NG_NG_NG_NG','207120307813327'),(117,'404MXJX5E364','2014-11-17 22:28:34','01','b0','02','00','29','02','OK','0201',NULL,'032412','00','00','','100','50','','','','100','01','01','50','10','01','50','50','00','2014-11-17','22:50:33','00','00','00','08','00','01','0f','00','00','000202','01','NG','','','','','100','64','100','64','100','64','NG_NG_NG_NG_NG_NG_NG','NG_NG_NG_NG_NG_NG_NG','NG_NG_NG_NG_NG_NG_NG','207120307813327');
/*!40000 ALTER TABLE `displays_history` ENABLE KEYS */;
UNLOCK TABLES;

--
-- Table structure for table `locations`
--

DROP TABLE IF EXISTS `locations`;
/*!40101 SET @saved_cs_client     = @@character_set_client */;
/*!40101 SET character_set_client = utf8 */;
CREATE TABLE `locations` (
  `id` int(10) unsigned NOT NULL AUTO_INCREMENT,
  `name` varchar(60) DEFAULT NULL,
  `description` text,
  `check_required_count` int(11) unsigned DEFAULT NULL,
  `normal_count` int(11) unsigned DEFAULT NULL,
  `sub_count` int(11) unsigned DEFAULT NULL,
  `unresolved_count` int(11) unsigned DEFAULT NULL,
  `status` int(11) unsigned DEFAULT NULL,
  `FK_sites_id` int(11) unsigned DEFAULT NULL,
  PRIMARY KEY (`id`)
) ENGINE=InnoDB AUTO_INCREMENT=7 DEFAULT CHARSET=utf8;
/*!40101 SET character_set_client = @saved_cs_client */;

--
-- Dumping data for table `locations`
--

LOCK TABLES `locations` WRITE;
/*!40000 ALTER TABLE `locations` DISABLE KEYS */;
INSERT INTO `locations` VALUES (1,'BCD',NULL,0,1,1,0,0,1),(2,'Montreal',NULL,1,2,4,1,2,2),(3,'Ottawa',NULL,1,4,5,0,1,2),(4,'Toronto',NULL,0,9,9,0,0,2),(5,'Vancouver',NULL,0,8,8,0,0,2),(6,'Seoul',NULL,0,1,1,0,0,2);
/*!40000 ALTER TABLE `locations` ENABLE KEYS */;
UNLOCK TABLES;

--
-- Table structure for table `mediaplayer_models`
--

DROP TABLE IF EXISTS `mediaplayer_models`;
/*!40101 SET @saved_cs_client     = @@character_set_client */;
/*!40101 SET character_set_client = utf8 */;
CREATE TABLE `mediaplayer_models` (
  `id` int(10) unsigned NOT NULL AUTO_INCREMENT,
  `name` varchar(256) DEFAULT NULL,
  `max_cpu_usage` float DEFAULT NULL,
  `min_cpu_usage` float DEFAULT NULL,
  `max_cpu_temp` float DEFAULT NULL,
  `min_cpu_temp` float DEFAULT NULL,
  `max_hdd_usage` float DEFAULT NULL,
  `min_hdd_usage` float DEFAULT NULL,
  `max_mem_usage` float DEFAULT NULL,
  `min_mem_usage` float DEFAULT NULL,
  `max_temp` float DEFAULT NULL,
  `min_temp` float DEFAULT NULL,
  PRIMARY KEY (`id`)
) ENGINE=InnoDB AUTO_INCREMENT=17 DEFAULT CHARSET=utf8;
/*!40101 SET character_set_client = @saved_cs_client */;

--
-- Dumping data for table `mediaplayer_models`
--

LOCK TABLES `mediaplayer_models` WRITE;
/*!40000 ALTER TABLE `mediaplayer_models` DISABLE KEYS */;
INSERT INTO `mediaplayer_models` VALUES (1,'UNKNOWN',NULL,NULL,NULL,NULL,NULL,NULL,NULL,NULL,NULL,NULL),(2,'To Be Filled By O.E.M.',NULL,NULL,NULL,NULL,NULL,NULL,NULL,NULL,NULL,NULL),(3,'MP500-F',NULL,NULL,NULL,NULL,NULL,NULL,NULL,NULL,NULL,NULL),(4,'NA1100',NULL,NULL,NULL,NULL,NULL,NULL,NULL,NULL,NULL,NULL),(5,'NA1000',NULL,NULL,NULL,NULL,NULL,NULL,NULL,NULL,NULL,NULL),(6,'NC1100',NULL,NULL,NULL,NULL,NULL,NULL,NULL,NULL,NULL,NULL),(7,'VirtualBox',NULL,NULL,NULL,NULL,NULL,NULL,NULL,NULL,NULL,NULL),(8,'MP500-B',NULL,NULL,NULL,NULL,NULL,NULL,NULL,NULL,NULL,NULL),(9,'MP500',NULL,NULL,NULL,NULL,NULL,NULL,NULL,NULL,NULL,NULL),(10,'NA2100',NULL,NULL,NULL,NULL,NULL,NULL,NULL,NULL,NULL,NULL),(11,'Dp-window7',NULL,NULL,NULL,NULL,NULL,NULL,NULL,NULL,NULL,NULL),(12,'MP700',NULL,NULL,NULL,NULL,NULL,NULL,NULL,NULL,NULL,NULL),(13,'NC2000',NULL,NULL,NULL,NULL,NULL,NULL,NULL,NULL,NULL,NULL),(14,'NC1000',NULL,NULL,NULL,NULL,NULL,NULL,NULL,NULL,NULL,NULL),(15,'PC500-F',NULL,NULL,NULL,NULL,NULL,NULL,NULL,NULL,NULL,NULL),(16,'NC2100',NULL,NULL,NULL,NULL,NULL,NULL,NULL,NULL,NULL,NULL);
/*!40000 ALTER TABLE `mediaplayer_models` ENABLE KEYS */;
UNLOCK TABLES;

--
-- Table structure for table `mediaplayers`
--

DROP TABLE IF EXISTS `mediaplayers`;
/*!40101 SET @saved_cs_client     = @@character_set_client */;
/*!40101 SET character_set_client = utf8 */;
CREATE TABLE `mediaplayers` (
  `id` int(10) unsigned NOT NULL AUTO_INCREMENT,
  `model` varchar(256) DEFAULT NULL,
  `alias` varchar(256) DEFAULT NULL,
  `serial_number` varchar(256) DEFAULT NULL,
  `manage_serial_number` varchar(256) DEFAULT NULL,
  `alive` tinyint(1) DEFAULT NULL,
  `enabled` tinyint(1) DEFAULT NULL,
  `service_offer` varchar(256) DEFAULT NULL,
  `warrent_start_date` datetime DEFAULT NULL,
  `warrent_end_date` datetime DEFAULT NULL,
  `created_date` datetime DEFAULT NULL,
  `last_updated_date` datetime DEFAULT NULL,
  `resolved_date` datetime DEFAULT NULL,
  `activation_date` datetime DEFAULT NULL,
  `expiration_date` datetime DEFAULT NULL,
  `cpu_temp` float DEFAULT NULL,
  `cpu_usage` float DEFAULT NULL,
  `hdd_temp` float DEFAULT NULL,
  `hdd_usage` float DEFAULT NULL,
  `mem_usage` float DEFAULT NULL,
  `dns` varchar(60) DEFAULT NULL,
  `fan_speed` float DEFAULT NULL,
  `firmware_version` varchar(60) DEFAULT NULL,
  `gateway` varchar(60) DEFAULT NULL,
  `ip` varchar(60) DEFAULT NULL,
  `mac` varchar(60) DEFAULT NULL,
  `netmask` varchar(60) DEFAULT NULL,
  `os` varchar(256) DEFAULT NULL,
  `system_time` datetime DEFAULT NULL,
  `running_time` varchar(32) DEFAULT NULL,
  `app_path1` varchar(256) DEFAULT NULL,
  `app_path2` varchar(256) DEFAULT NULL,
  `app_path3` varchar(256) DEFAULT NULL,
  `app_path4` varchar(256) DEFAULT NULL,
  `app_status1` varchar(20) DEFAULT NULL,
  `app_status2` varchar(20) DEFAULT NULL,
  `app_status3` varchar(20) DEFAULT NULL,
  `app_status4` varchar(20) DEFAULT NULL,
  `app_cpu1` float DEFAULT NULL,
  `app_cpu2` float DEFAULT NULL,
  `app_cpu3` float DEFAULT NULL,
  `app_cpu4` float DEFAULT NULL,
  `app_memory1` float DEFAULT NULL,
  `app_memory2` float DEFAULT NULL,
  `app_memory3` float DEFAULT NULL,
  `app_memory4` float DEFAULT NULL,
  `description` text,
  `status` int(11) unsigned DEFAULT NULL,
  `group_status` int(11) unsigned DEFAULT NULL,
  `FK_models_id` int(11) unsigned DEFAULT NULL,
  `FK_sites_id` int(11) unsigned DEFAULT NULL,
  `FK_locations_id` int(11) unsigned DEFAULT NULL,
  `FK_shops_id` int(11) unsigned DEFAULT NULL,
  PRIMARY KEY (`id`)
) ENGINE=InnoDB AUTO_INCREMENT=58 DEFAULT CHARSET=utf8;
/*!40101 SET character_set_client = @saved_cs_client */;

--
-- Dumping data for table `mediaplayers`
--

LOCK TABLES `mediaplayers` WRITE;
/*!40000 ALTER TABLE `mediaplayers` DISABLE KEYS */;
INSERT INTO `mediaplayers` VALUES (30,'To Be Filled By O.E.M.','RAINMAKERD6E9','03000200-0400-0500-0006-000700080016','03000200-0400-0500-0006-000700080016',0,1,NULL,'2014-10-14 13:59:49','2014-10-14 13:59:03','2014-11-01 19:00:32','2014-11-13 13:59:19',NULL,'2014-10-23 00:00:00','2015-09-20 00:00:00',67.1,45.3,23.1,45.3,54.2,'192.168.42.129',1987,'6.1.7601','192.168.42.129','192.168.42.86','88:88:88:88:87:88','255.255.255.0','Window-7-6.1.7600','2014-11-05 14:02:34','19 days 6:29','notepad.exe','calc.exe','chrome.exe',NULL,'stop','stop','running',NULL,0,0,0.6,NULL,0,0,1.2,NULL,NULL,0,0,2,1,1,11),(31,'MP500-F','MP-18','CCA5424C-5FDF-4bde-95D7-A1C05A0B4EA2','CCA5424C-5FDF-4bde-95D7-A1C05A0B4EA2',1,1,NULL,'2014-11-14 14:06:50','2014-11-14 14:06:59','2014-11-14 19:00:43','2014-11-03 14:07:07','2014-11-03 14:07:12','2014-07-30 00:00:00','2015-07-30 00:00:00',43.2,35.6,38.5,25.1,20.5,'192.168.42.129',2022,'3.11.6-4-desktop','192.168.42.129','192.168.42.86','88:88:88:88:87:88','255.255.255.0','Window-7-6.1.7600','2014-11-05 14:09:10','18 days 6:29','calc.exe','notepad.exe','chrome.exe',NULL,'stop','stop','running',NULL,0,0,0.2,NULL,0,0,0.7,NULL,NULL,2,2,3,2,2,12),(32,'NA1000','MP-26','03000200-0400-0500-0006-000700080015','03000200-0400-0500-0006-000700080015',1,1,NULL,'2014-11-14 14:11:37','2014-11-14 14:11:43','2014-11-14 19:01:00','2014-11-01 14:11:54','2014-11-01 14:11:58','2014-08-19 00:00:00','2015-09-20 00:00:00',50.2,38.7,47.1,40.6,33.8,'192.168.42.129',1974,'6.1.7601','192.168.42.129','192.168.42.86','88:88:88:88:87:88','255.255.255.0','Window-7-6.1.7600','2014-11-05 14:13:12','22 days 7:11','notepad.exe','calc.exe','chrome.exe','pycharm.exe','stop','stop','running','running',0,0,0.9,1.2,0,0,0.9,1.4,NULL,0,0,5,2,2,12),(33,'NC1100','MP-10','BE77AF21-CAA9-467e-9E1A-ACC74A3249C8','BE77AF21-CAA9-467e-9E1A-ACC74A3249C8',1,1,NULL,'2014-11-14 14:15:14','2014-11-14 14:15:17','2014-11-14 19:01:09','2014-11-03 14:15:21','2014-11-03 14:15:28','2014-07-30 00:00:00','2015-07-30 00:00:00',36.2,28.7,40.8,34.9,29.5,'192.168.42.129',2012,'3.11.6-4-desktop','192.168.42.129','192.168.42.86','88:88:88:88:87:88','255.255.255.0','Window-7-6.1.7600','2014-11-08 14:16:41','22 days 7:11','calc.exe','notepad.exe','chrome.exe','pycharm.exe','stop','stop','running','running',0,0,0.5,1.3,0,0,0.7,0.8,NULL,0,0,6,2,2,12),(34,'VirtualBox','MP-27','91FEF2CA-F60B-4af5-9383-E3BDB287C6ED','91FEF2CA-F60B-4af5-9383-E3BDB287C6ED',0,1,NULL,'2014-11-14 14:18:19','2014-11-14 14:18:25','2014-11-14 19:01:16','2014-11-04 14:19:00','2014-11-05 14:19:03','0000-00-00 00:00:00','2015-07-30 00:00:00',43.2,38.7,38.5,40.6,33.8,'192.168.42.129',1974,'6.1.7601','192.168.42.129','192.168.42.86','88:88:88:88:87:88','255.255.255.0','Window-7-6.1.7600','2014-11-08 14:23:43','21 days 6:11','notepad.exe','calc.exe','chrome.exe','pycharm.exe','stop','stop','running','running',0,0,0.5,1.2,0,0,0.4,0.8,NULL,0,0,7,2,3,13),(35,'NC1100','MP-14','B4E69032-C9D7-4d6c-909D-12590B01D6BA','B4E69032-C9D7-4d6c-909D-12590B01D6BA',1,1,NULL,'2014-11-14 14:25:25','2014-11-14 14:25:34','2014-11-14 19:01:24','2014-11-06 14:25:28','2014-11-06 14:25:54','2014-07-30 00:00:00','2015-07-30 00:00:00',46.2,39.8,40.2,25.9,20.4,'192.168.42.129',1989,'3.11.6-4-desktop','192.168.42.129','192.168.42.86','88:88:88:88:87:88','255.255.255.0','Window-7-6.1.7600','2014-11-03 14:26:45','19 days 6:29','calc.exe','notepad.exe','chrome.exe',NULL,'stop','stop','running',NULL,0,0,0.7,NULL,0,0,0.8,NULL,NULL,1,1,6,2,3,13),(36,'NC1100','MP-09','89E9E757-6E8C-4f79-BA7B-D50B74BD7492','89E9E757-6E8C-4f79-BA7B-D50B74BD7492',1,1,NULL,'2014-11-14 14:29:27','2014-11-14 14:29:32','2014-11-05 19:01:34','2014-11-06 14:29:41','2014-11-06 14:29:49','2014-07-30 00:00:00','2015-07-30 00:00:00',50.2,35.6,38.5,40.6,29.5,'192.168.42.129',2022,'3.11.6-4-desktop','192.168.42.129','192.168.42.86','88:88:88:88:87:88','255.255.255.0','Window-7-6.1.7600','2014-11-08 14:16:41','19 days 6:29','chrome.exe','notepad.exe','calc.exe','spark.exe','running','stop','stop','running',0.4,0,0,0.2,0.3,0,0,0.9,NULL,0,0,6,2,3,14),(37,'MP500-B','MP-19','044ADD94-05E0-4ba3-8899-793D1A6B8203','044ADD94-05E0-4ba3-8899-793D1A6B8203',0,1,NULL,'2014-11-14 14:34:29','2014-11-14 14:34:33','2014-11-04 19:01:40','2014-11-05 14:34:40','2014-11-05 14:34:44','2014-07-30 00:00:00','2015-07-30 00:00:00',52.1,39.9,42.7,34.2,22.3,'192.168.42.129',1987,'3.11.6-4-desktop','192.168.42.129','192.168.42.86','88:88:88:88:87:88','255.255.255.0','Window-7-6.1.7600','2014-11-07 14:35:49','20 daya 5:21','notepad.exe','calc.exe','chrome.exe','spark.exe','stop','stop','running','running',0,0,0.6,0.2,0,0,0.4,0.2,NULL,0,0,8,2,3,14),(38,'NA1000','MP-15','BB0D112B-3B70-4611-B20D-13844BCEA3C6','BB0D112B-3B70-4611-B20D-13844BCEA3C6',1,1,NULL,'2014-11-14 14:37:43','2014-11-14 14:37:46','2014-11-06 19:01:48','2014-11-07 14:38:21','2014-11-07 14:38:24','2014-07-30 00:00:00','2015-07-30 00:00:00',36.2,35.6,38.5,34.2,33.8,'192.168.42.129',1974,'3.11.6-4-desktop','192.168.42.129','192.168.42.86','88:88:88:88:87:88','255.255.255.0','Window-7-6.1.7600','2014-11-07 14:39:47','20 daya 5:21','chrome.exe','notepad.exe','calc.exe','pycharm.exe','running','stop','stop','running',0.4,0,0,1,0.6,0,0,0.7,NULL,0,0,5,2,3,14),(39,'NC1100','MP-TEST','LG-TEST-TORONTO','LG-TEST-TORONTO',1,1,NULL,'2014-11-14 14:42:21','2014-11-14 14:42:41','2014-11-08 11:01:58','2014-11-08 14:42:49','2014-11-08 14:43:06','2014-10-17 00:00:00','2015-10-23 00:00:00',36.2,38.7,38.5,34.2,33.8,'192.168.42.129',2022,'6.1.7600','192.168.42.129','192.168.42.86','88:88:88:88:87:88','255.255.255.0','Window-7-6.1.7600','2014-11-05 14:09:10','19 days 6:29','notepad.exe','calc.exe','chrome.exe','spark.exe','stop','stop','running','running',0,0,0.7,0.2,0,0,0.4,0.8,NULL,0,0,6,2,4,15),(40,'MP500-F','MP-23','03000200-0400-0500-0006-000700080012','03000200-0400-0500-0006-000700080012',1,1,NULL,'2014-11-14 14:45:16','2014-11-14 14:45:19','2014-11-10 19:02:05','2014-11-10 14:45:32','2014-11-11 14:45:35','2014-08-19 00:00:00','2015-09-20 00:00:00',50.2,39.8,40.2,34.2,29.5,'192.168.42.129',2111,'6.1.7601','192.168.42.129','192.168.42.86','88:88:88:88:87:88','255.255.255.0','Window-7-6.1.7600','2014-11-06 14:46:16','18 days 6:29','spark.exe','notepad.exe','chrome.exe','calc.exe','running','stop','running','stop',0.6,0,0,0.2,0.6,0,0,0.2,NULL,0,0,3,2,4,15),(41,'MP500','MP-02','9874B02C-04A3-4b0f-9FE6-86D05E4D5F97','9874B02C-04A3-4b0f-9FE6-86D05E4D5F97',1,1,NULL,'2014-11-14 14:47:58','2014-11-14 14:48:01','2014-11-10 19:02:13','2014-11-11 14:48:10','2014-11-11 14:48:14','2014-07-03 00:00:00','2015-07-04 00:00:00',45.7,24.5,41.2,27.6,29.4,'192.168.42.129',1879,'3.11.6-4-desktop','192.168.42.129','192.168.42.86','88:88:88:88:87:88','255.255.255.0','Window-7-6.1.7600','2014-11-05 14:02:34','20 daya 5:21','notepad.exe','calc.exe',NULL,NULL,'stop','stop',NULL,NULL,0,0,NULL,NULL,0,0,NULL,NULL,'\r\n',0,0,9,2,4,15),(42,'NA2100','MP-13','87DDBF7B-DD39-4759-BD65-F09C19DF450D','87DDBF7B-DD39-4759-BD65-F09C19DF450D',1,1,NULL,'2014-11-14 14:50:04','2014-11-14 14:50:06','2014-11-11 19:02:20','2014-11-12 14:50:16','2014-11-12 14:50:31','2014-07-30 00:00:00','2015-07-30 00:00:00',34.6,24.7,38.6,23.2,21.5,'192.168.42.129',1879,'3.11.6-4-desktop','192.168.42.129','192.168.42.86','88:88:88:88:87:88','255.255.255.0','Window-7-6.1.7600','2014-11-08 14:51:23','21 days 6:11','calc.exe','spark.exe','chrome.exe','notepad.exe','stop','running','running','stop',0,0.5,0.3,0,0,0.4,0.6,0,NULL,0,0,10,2,4,15),(43,'NC1100','MP-01','97013E00-653E-1000-99CA-203E01975E65','97013E00-653E-1000-99CA-203E01975E65',1,1,NULL,'2014-11-14 14:53:55','2014-11-14 14:53:58','2014-11-10 19:02:26','2014-11-11 14:54:32','2014-11-12 14:54:39','2014-10-06 00:00:00','2015-05-29 00:00:00',36.2,39.8,38.6,27.6,20.5,'192.168.42.129',1987,'3.11.6-4-desktop','192.168.42.129','192.168.42.86','88:88:88:88:87:88','255.255.255.0','Window-7-6.1.7600','2014-11-10 14:56:01','16 days 4:17','notepad.exe','spark.exe','chrome.exe','calc.exe','stop','running','running','stop',0,0.8,0.6,0,0,0.4,0.7,0,NULL,0,0,6,2,4,15),(44,'Dp-window7','MP-03','550BED67-CDDD-469b-8B76-EAA1FF5C52C0','550BED67-CDDD-469b-8B76-EAA1FF5C52C0',1,1,NULL,'2014-11-14 14:58:32','2014-11-14 14:58:35','2014-11-11 19:02:33','2014-11-12 14:58:41','2014-11-12 14:58:44','2014-07-06 00:00:00','2015-07-03 00:00:00',34.6,35.6,38.5,34.2,35.8,'192.168.42.129',2143,'03.24.04','192.168.42.129','192.168.42.86','88:88:88:88:87:88','255.255.255.0','Window-7-6.1.7600','2014-11-07 14:39:47','21 days 6:11','notepad.exe','calc.exe','chrome.exe','pycharm.exe','stop','stop','running','running',0,0,0.6,1.2,0,0,0.8,1.4,NULL,0,0,11,2,4,15),(45,'MP500-B','MP-22','03000200-0400-0500-0006-000700080011','03000200-0400-0500-0006-000700080011',1,1,NULL,'2014-11-14 15:01:36','2014-11-14 15:01:40','2014-11-11 19:02:40','2014-11-12 15:02:27','2014-11-12 15:03:01','2014-08-19 00:00:00','2015-09-20 00:00:00',50.2,39.8,47.7,40.6,46.8,'192.168.42.129',2022,'6.1.7601','192.168.42.129','192.168.42.86','88:88:88:88:87:88','255.255.255.0','Window-7-6.1.7600','2014-11-08 14:16:41','21 days 6:11','calc.exe','notepad.exe','chrome.exe','pycharm.exe','stop','stop','running','running',0,0,0.5,0.8,0,0,0.7,0.9,NULL,0,0,8,2,4,16),(46,'NA1100','MP-24','03000200-0400-0500-0006-000700080013','03000200-0400-0500-0006-000700080013',1,1,NULL,'2014-11-14 15:04:40','2014-11-14 15:05:06','2014-11-12 19:02:47','2014-11-13 15:05:14','2014-11-13 15:05:33','2014-08-19 00:00:00','2015-09-20 00:00:00',43.2,39.8,38.6,40.6,33.8,'192.168.42.129',1879,'6.1.7601','192.168.42.129','192.168.42.86','88:88:88:88:87:88','255.255.255.0','Window-7-6.1.7600','2014-11-07 14:39:47','21 days 6:11','calc.exe','notepad.exe','chrome.exe','spark.exe','stop','stop','running','running',0,0,0.7,0.8,0,0,0.5,0.4,NULL,0,0,4,2,4,16),(47,'NC1100','MP-06','D72A70A3-BFB1-4e01-8856-34FA69CD5368','D72A70A3-BFB1-4e01-8856-34FA69CD5368',1,1,NULL,'2014-11-14 15:09:57','2014-11-14 15:09:59','2014-11-11 19:02:52','2014-11-12 15:10:04','2014-11-12 15:10:43','2014-07-30 00:00:00','2015-07-30 00:00:00',56.4,38.7,40.2,34.2,37.5,'192.168.42.129',2022,'3.11.6-4-desktop','192.168.42.129','192.168.42.86','88:88:88:88:87:88','255.255.255.0','Window-7-6.1.7600','2014-11-07 14:39:47','21 days 6:11','notepad.exe','spark.exe','calc.exe','pycharm.exe','stop','running','stop','running',0,0.5,0,1,0,0.4,0,0.9,NULL,0,0,6,2,5,17),(48,'MP700','MP-20','DE85958C-575B-43b1-A475-B5BEB3F772CD','DE85958C-575B-43b1-A475-B5BEB3F772CD',1,1,NULL,'2014-11-14 15:13:36','2014-11-14 15:13:50','2014-11-13 19:02:59','2014-11-13 15:13:59','2014-11-13 15:14:04','2014-07-30 00:00:00','2015-07-30 00:00:00',45.7,39.8,40.8,36.2,33.8,'192.168.42.129',2011,'3.11.6-4-desktop','192.168.42.129','192.168.42.86','88:88:88:88:87:88','255.255.255.0','Window-7-6.1.7600','2014-11-08 14:16:41','21 days 6:11','spark.exe','chrome.exe','calc.exe','notepad.exe','running','running','stop','stop',0.8,0.7,0,0,0.7,0.6,0,0,NULL,0,0,12,2,5,17),(49,'NC2000','MP-11','C7E89797-4526-4bb3-8BA4-10E61BA7CF5E','C7E89797-4526-4bb3-8BA4-10E61BA7CF5E',1,1,NULL,'2014-11-14 15:16:12','2014-11-14 15:16:35','2014-11-12 19:03:07','2014-11-13 15:16:49','2014-11-13 15:16:55','2014-07-30 00:00:00','2015-07-30 00:00:00',46.2,39.8,38.5,34.2,33.8,'192.168.42.129',2022,'3.11.6-4-desktop','192.168.42.129','192.168.42.86','88:88:88:88:87:88','255.255.255.0','Window-7-6.1.7600','2014-11-03 14:26:45','22 days 7:11','notepad.exe','spark.exe','chrome.exe','pycharm.exe','stop','running','running','running',0,0.5,0.2,0.6,0,0.4,0.5,0.7,NULL,0,0,13,2,5,17),(50,'NA1000','MP-25','03000200-0400-0500-0006-000700080014','03000200-0400-0500-0006-000700080014',1,1,NULL,'2014-11-14 15:19:28','2014-11-14 15:19:31','2014-11-12 19:03:13','2014-11-13 15:19:45','2014-11-13 15:19:47','2014-08-19 00:00:00','2015-09-20 00:00:00',48.7,39.6,47.8,32.1,29.7,'192.168.42.129',1989,'6.1.7601','192.168.42.129','192.168.42.86','88:88:88:88:87:88','255.255.255.0','Window-7-6.1.7600','2014-11-08 14:16:41','19 days 6:29','chrome.exe','notepad.exe','calc.exe','spark.exe','running','stop','stop','running',0.6,0,0,0.6,0.3,0,0,0.8,NULL,0,0,5,2,5,18),(51,'NC1000','MP-12','F8048368-AF08-4add-9266-20B02CADB3C6','F8048368-AF08-4add-9266-20B02CADB3C6',1,1,NULL,'2014-11-14 15:21:28','2014-11-14 15:21:37','2014-11-10 19:03:23','2014-11-11 15:22:15','2014-11-11 15:22:18','2014-07-30 00:00:00','2015-07-30 00:00:00',46.2,38.7,38.5,34.2,29.5,'192.168.42.129',1974,'3.11.6-4-desktop','192.168.42.129','192.168.42.86','88:88:88:88:87:88','255.255.255.0','Window-7-6.1.7600','2014-11-05 14:13:12','22 days 7:11','spark.exe','chrome.exe','calc.exe','notepad.exe','running','running','stop','stop',0.6,0.5,0,0,0.3,0.4,0,0,NULL,0,0,14,2,5,18),(52,'PC500-F','MP-17','40EC6765-BCE0-462b-9801-45D99736044C','40EC6765-BCE0-462b-9801-45D99736044C',1,1,NULL,'2014-11-14 15:23:55','2014-11-14 15:24:04','2014-11-11 19:03:34','2014-11-12 15:24:11','2014-11-12 15:24:14','2014-07-30 00:00:00','2015-07-30 00:00:00',46.7,39.5,44.8,36.8,29.3,'192.168.42.129',2011,'3.11.6-4-desktop','192.168.42.129','192.168.42.86','88:88:88:88:87:88','255.255.255.0','Window-7-6.1.7600','2014-11-08 14:16:41','21 days 6:11','chrome.exe','spark.exe','calc.exe','pycharm.exe','running','running','stop','running',0.4,0.1,0,1,0.3,0.6,0,1.4,NULL,0,0,15,2,5,18),(53,'NC2100','MP-07','321D9EF6-77B7-472d-815A-D941D7D65735','321D9EF6-77B7-472d-815A-D941D7D65735',1,1,NULL,'2014-11-14 15:26:41','2014-11-14 15:26:44','2014-11-12 19:03:40','2014-11-12 15:26:48','2014-11-12 15:26:52','2014-07-30 00:00:00','2015-07-30 00:00:00',34.6,39.8,38.6,25.1,33.8,'192.168.42.129',1879,'3.11.6-4-desktop','192.168.42.129','192.168.42.86','88:88:88:88:87:88','255.255.255.0','Window-7-6.1.7600','2014-11-08 14:16:41','19 days 6:29','notepad.exe','calc.exe','chrome.exe','pycharm.exe','stop','stop','running','running',0,0,0.7,0.2,0,0,0.4,0.2,NULL,0,0,16,2,5,19),(54,'NA1000','MP-04','C74AF658-9830-4529-96CD-E1E8D8E3C3A9','C74AF658-9830-4529-96CD-E1E8D8E3C3A9',1,1,NULL,'2014-11-14 15:28:28','2014-11-14 15:28:30','2014-11-11 19:03:47','2014-11-12 15:28:36','2014-11-12 15:28:39','2014-07-30 00:00:00','2015-07-30 00:00:00',34.6,24.7,40.8,27.6,20.5,'192.168.42.129',1987,'3.11.6-4-desktop','192.168.42.129','192.168.42.86','88:88:88:88:87:88','255.255.255.0','Window-7-6.1.7600','2014-11-05 14:02:34','18 days 6:29','chrome.exe','spark.exe','pycharm.exe','notepad.exe','running','running','stop','running',0.6,0.5,1.2,0,0.6,0.4,0.8,0,NULL,0,0,5,2,5,19),(55,'NA1100','MP-16','60E1F2B6-BB1D-4087-BB84-1C91B76469DD','60E1F2B6-BB1D-4087-BB84-1C91B76469DD',1,1,NULL,'2014-11-14 15:30:34','2014-11-14 15:30:37','2014-11-11 19:06:29','2014-11-12 15:30:42','2014-11-13 15:30:45','2014-07-30 00:00:00','2015-07-30 00:00:00',45.7,24.5,40.8,23.2,33.8,'192.168.42.129',2022,'3.11.6-4-desktop','192.168.42.129','192.168.42.86','88:88:88:88:87:88','255.255.255.0','Window-7-6.1.7600','2014-11-07 14:39:47','22 days 7:11','calc.exe','notepad.exe','chrome.exe',NULL,'stop','stop','running',NULL,0,0,0.5,NULL,0,0,0.7,NULL,NULL,1,1,4,2,2,12),(56,'UNKNOWN',NULL,'207732457982325','207732457982325',0,1,NULL,NULL,NULL,'2014-11-17 15:54:02','2014-11-17 20:52:07',NULL,'2014-11-17 00:00:00','2015-11-16 00:00:00',29,7.8,32,8.9,18.6,NULL,65535,'6.1.7601',NULL,'192.168.0.204',NULL,NULL,'Windows-7-6.1.7601-SP1','2014-11-17 11:50:49','0 days 5:24',NULL,NULL,NULL,NULL,NULL,NULL,NULL,NULL,NULL,NULL,NULL,NULL,NULL,NULL,NULL,NULL,NULL,0,0,1,2,6,20),(57,'NC1100','rainmaker-PC','207120307813327','207120307813327',0,1,NULL,NULL,NULL,'2014-11-17 22:25:23','2014-11-17 22:28:35',NULL,'2014-11-08 00:00:00','2015-11-07 00:00:00',0,4.3,0,87.7,66.6,NULL,0,'6.1.7601',NULL,'192.168.1.135',NULL,NULL,'Windows-7-6.1.7601-SP1','2014-11-17 13:27:15','0 days 12:55',NULL,NULL,NULL,NULL,'stop','stop',NULL,NULL,NULL,NULL,NULL,NULL,NULL,NULL,NULL,NULL,NULL,0,0,6,2,4,21);
/*!40000 ALTER TABLE `mediaplayers` ENABLE KEYS */;
UNLOCK TABLES;

--
-- Table structure for table `mediaplayers_history`
--

DROP TABLE IF EXISTS `mediaplayers_history`;
/*!40101 SET @saved_cs_client     = @@character_set_client */;
/*!40101 SET character_set_client = utf8 */;
CREATE TABLE `mediaplayers_history` (
  `id` int(10) unsigned NOT NULL AUTO_INCREMENT,
  `serial_number` varchar(256) DEFAULT NULL,
  `last_updated_date` datetime DEFAULT NULL,
  `cpu_temp` float DEFAULT NULL,
  `cpu_usage` float DEFAULT NULL,
  `hdd_temp` float DEFAULT NULL,
  `hdd_usage` float DEFAULT NULL,
  `mem_usage` float DEFAULT NULL,
  `fan_speed` float DEFAULT NULL,
  `app_status1` varchar(20) DEFAULT NULL,
  `app_status2` varchar(20) DEFAULT NULL,
  `app_status3` varchar(20) DEFAULT NULL,
  `app_status4` varchar(20) DEFAULT NULL,
  `app_cpu1` float DEFAULT NULL,
  `app_cpu2` float DEFAULT NULL,
  `app_cpu3` float DEFAULT NULL,
  `app_cpu4` float DEFAULT NULL,
  `app_memory1` float DEFAULT NULL,
  `app_memory2` float DEFAULT NULL,
  `app_memory3` float DEFAULT NULL,
  `app_memory4` float DEFAULT NULL,
  PRIMARY KEY (`id`)
) ENGINE=InnoDB AUTO_INCREMENT=409 DEFAULT CHARSET=utf8;
/*!40101 SET character_set_client = @saved_cs_client */;

--
-- Dumping data for table `mediaplayers_history`
--

LOCK TABLES `mediaplayers_history` WRITE;
/*!40000 ALTER TABLE `mediaplayers_history` DISABLE KEYS */;
INSERT INTO `mediaplayers_history` VALUES (1,'207120307813327','2014-11-14 15:06:19',0,8.8,0,87.7,59.4,0,'stop','stop',NULL,NULL,NULL,NULL,NULL,NULL,NULL,NULL,NULL,NULL),(2,'207120307813327','2014-11-14 15:06:57',0,6.8,0,87.7,59.3,0,'stop','stop',NULL,NULL,NULL,NULL,NULL,NULL,NULL,NULL,NULL,NULL),(3,'207120307813327','2014-11-14 15:07:34',0,5.2,0,87.7,59.3,0,'stop','stop',NULL,NULL,NULL,NULL,NULL,NULL,NULL,NULL,NULL,NULL),(4,'207120307813327','2014-11-14 15:08:11',0,7.2,0,87.7,59,0,'stop','stop',NULL,NULL,NULL,NULL,NULL,NULL,NULL,NULL,NULL,NULL),(5,'207120307813327','2014-11-14 15:08:49',0,6.4,0,87.7,59,0,'stop','stop',NULL,NULL,NULL,NULL,NULL,NULL,NULL,NULL,NULL,NULL),(6,'207120307813327','2014-11-14 15:09:26',0,7.1,0,87.7,58.4,0,'stop','stop',NULL,NULL,NULL,NULL,NULL,NULL,NULL,NULL,NULL,NULL),(7,'207120307813327','2014-11-14 15:10:03',0,4.2,0,87.7,58.4,0,'stop','stop',NULL,NULL,NULL,NULL,NULL,NULL,NULL,NULL,NULL,NULL),(8,'207120307813327','2014-11-14 15:10:40',0,10.1,0,87.7,60.6,0,'stop','stop',NULL,NULL,NULL,NULL,NULL,NULL,NULL,NULL,NULL,NULL),(9,'207120307813327','2014-11-14 15:11:18',0,13.1,0,87.7,60.4,0,'stop','stop',NULL,NULL,NULL,NULL,NULL,NULL,NULL,NULL,NULL,NULL),(10,'207120307813327','2014-11-14 15:11:55',0,9.9,0,87.7,59.2,0,'stop','stop',NULL,NULL,NULL,NULL,NULL,NULL,NULL,NULL,NULL,NULL),(11,'207120307813327','2014-11-14 15:12:33',0,5.7,0,87.7,59.1,0,'stop','stop',NULL,NULL,NULL,NULL,NULL,NULL,NULL,NULL,NULL,NULL),(12,'207120307813327','2014-11-14 15:13:10',0,3.1,0,87.7,59.1,0,'stop','stop',NULL,NULL,NULL,NULL,NULL,NULL,NULL,NULL,NULL,NULL),(13,'207120307813327','2014-11-14 15:13:47',0,3.9,0,87.7,59.1,0,'stop','stop',NULL,NULL,NULL,NULL,NULL,NULL,NULL,NULL,NULL,NULL),(14,'207120307813327','2014-11-14 15:14:24',0,2.7,0,87.7,59.1,0,'stop','stop',NULL,NULL,NULL,NULL,NULL,NULL,NULL,NULL,NULL,NULL),(15,'207120307813327','2014-11-14 15:15:02',0,3.7,0,87.7,59.5,0,'stop','stop',NULL,NULL,NULL,NULL,NULL,NULL,NULL,NULL,NULL,NULL),(16,'207120307813327','2014-11-14 15:15:39',0,2.9,0,87.7,59.4,0,'stop','stop',NULL,NULL,NULL,NULL,NULL,NULL,NULL,NULL,NULL,NULL),(17,'207120307813327','2014-11-14 15:16:16',0,8.5,0,87.7,60.5,0,'stop','stop',NULL,NULL,NULL,NULL,NULL,NULL,NULL,NULL,NULL,NULL),(18,'207120307813327','2014-11-14 15:16:54',0,4.9,0,87.7,61.1,0,'stop','stop',NULL,NULL,NULL,NULL,NULL,NULL,NULL,NULL,NULL,NULL),(19,'207120307813327','2014-11-14 15:17:31',0,3.3,0,87.7,61.1,0,'stop','stop',NULL,NULL,NULL,NULL,NULL,NULL,NULL,NULL,NULL,NULL),(20,'207120307813327','2014-11-14 15:18:08',0,3.8,0,87.7,61.1,0,'stop','stop',NULL,NULL,NULL,NULL,NULL,NULL,NULL,NULL,NULL,NULL),(21,'207120307813327','2014-11-14 15:18:45',0,3.1,0,87.7,61.1,0,'stop','stop',NULL,NULL,NULL,NULL,NULL,NULL,NULL,NULL,NULL,NULL),(22,'207120307813327','2014-11-14 15:19:23',0,2.3,0,87.7,61.1,0,'stop','stop',NULL,NULL,NULL,NULL,NULL,NULL,NULL,NULL,NULL,NULL),(23,'207120307813327','2014-11-14 15:20:00',0,3.4,0,87.7,61.1,0,'stop','stop',NULL,NULL,NULL,NULL,NULL,NULL,NULL,NULL,NULL,NULL),(24,'207120307813327','2014-11-14 15:20:37',0,3,0,87.7,61.1,0,'stop','stop',NULL,NULL,NULL,NULL,NULL,NULL,NULL,NULL,NULL,NULL),(25,'207120307813327','2014-11-14 15:21:15',0,3.3,0,87.7,61.1,0,'stop','stop',NULL,NULL,NULL,NULL,NULL,NULL,NULL,NULL,NULL,NULL),(26,'207120307813327','2014-11-14 15:21:52',0,3.4,0,87.7,61.1,0,'stop','stop',NULL,NULL,NULL,NULL,NULL,NULL,NULL,NULL,NULL,NULL),(27,'207120307813327','2014-11-14 15:22:29',0,9.8,0,87.7,75.5,0,'stop','stop',NULL,NULL,NULL,NULL,NULL,NULL,NULL,NULL,NULL,NULL),(28,'207120307813327','2014-11-14 15:23:06',0,14.2,0,87.7,71.4,0,'stop','stop',NULL,NULL,NULL,NULL,NULL,NULL,NULL,NULL,NULL,NULL),(29,'207120307813327','2014-11-14 15:23:44',0,3.8,0,87.7,71.3,0,'stop','stop',NULL,NULL,NULL,NULL,NULL,NULL,NULL,NULL,NULL,NULL),(30,'207120307813327','2014-11-14 15:24:21',0,3.4,0,87.7,71.1,0,'stop','stop',NULL,NULL,NULL,NULL,NULL,NULL,NULL,NULL,NULL,NULL),(31,'207120307813327','2014-11-14 15:24:58',0,7.1,0,87.7,71.5,0,'stop','stop',NULL,NULL,NULL,NULL,NULL,NULL,NULL,NULL,NULL,NULL),(32,'207120307813327','2014-11-14 15:25:35',0,7,0,87.7,68.7,0,'stop','stop',NULL,NULL,NULL,NULL,NULL,NULL,NULL,NULL,NULL,NULL),(33,'207120307813327','2014-11-14 15:26:13',0,12.5,0,87.7,71,0,'stop','stop',NULL,NULL,NULL,NULL,NULL,NULL,NULL,NULL,NULL,NULL),(34,'207120307813327','2014-11-14 15:26:50',0,9.6,0,87.7,71.3,0,'stop','stop',NULL,NULL,NULL,NULL,NULL,NULL,NULL,NULL,NULL,NULL),(35,'207120307813327','2014-11-14 15:27:27',0,4.3,0,87.7,70.2,0,'stop','stop',NULL,NULL,NULL,NULL,NULL,NULL,NULL,NULL,NULL,NULL),(36,'207120307813327','2014-11-14 15:28:05',0,2.6,0,87.7,60.9,0,'stop','stop',NULL,NULL,NULL,NULL,NULL,NULL,NULL,NULL,NULL,NULL),(37,'207120307813327','2014-11-14 15:28:42',0,5.6,0,87.7,61.1,0,'stop','stop',NULL,NULL,NULL,NULL,NULL,NULL,NULL,NULL,NULL,NULL),(38,'207120307813327','2014-11-14 15:29:19',0,3.3,0,87.7,61.1,0,'stop','stop',NULL,NULL,NULL,NULL,NULL,NULL,NULL,NULL,NULL,NULL),(39,'207120307813327','2014-11-14 15:29:56',0,4.1,0,87.7,60.7,0,'stop','stop',NULL,NULL,NULL,NULL,NULL,NULL,NULL,NULL,NULL,NULL),(40,'207120307813327','2014-11-14 15:30:34',0,3.1,0,87.7,60.8,0,'stop','stop',NULL,NULL,NULL,NULL,NULL,NULL,NULL,NULL,NULL,NULL),(41,'207120307813327','2014-11-14 15:31:11',0,3.9,0,87.7,60.8,0,'stop','stop',NULL,NULL,NULL,NULL,NULL,NULL,NULL,NULL,NULL,NULL),(42,'207120307813327','2014-11-14 15:31:48',0,2.7,0,87.7,60.7,0,'stop','stop',NULL,NULL,NULL,NULL,NULL,NULL,NULL,NULL,NULL,NULL),(43,'207120307813327','2014-11-14 15:32:26',0,4.4,0,87.7,60.9,0,'stop','stop',NULL,NULL,NULL,NULL,NULL,NULL,NULL,NULL,NULL,NULL),(44,'207120307813327','2014-11-14 15:33:03',0,8.8,0,87.7,60.4,0,'stop','stop',NULL,NULL,NULL,NULL,NULL,NULL,NULL,NULL,NULL,NULL),(45,'207120307813327','2014-11-14 15:33:40',0,3.1,0,87.7,60.2,0,'stop','stop',NULL,NULL,NULL,NULL,NULL,NULL,NULL,NULL,NULL,NULL),(46,'207120307813327','2014-11-14 15:34:17',0,3,0,87.7,60.2,0,'stop','stop',NULL,NULL,NULL,NULL,NULL,NULL,NULL,NULL,NULL,NULL),(47,'207120307813327','2014-11-14 15:34:55',0,3.4,0,87.7,60.1,0,'stop','stop',NULL,NULL,NULL,NULL,NULL,NULL,NULL,NULL,NULL,NULL),(48,'207120307813327','2014-11-14 15:35:32',0,4.4,0,87.7,60.1,0,'stop','stop',NULL,NULL,NULL,NULL,NULL,NULL,NULL,NULL,NULL,NULL),(49,'207120307813327','2014-11-14 15:36:09',0,2.5,0,87.7,60.1,0,'stop','stop',NULL,NULL,NULL,NULL,NULL,NULL,NULL,NULL,NULL,NULL),(50,'207120307813327','2014-11-14 15:36:46',0,2.8,0,87.7,60.1,0,'stop','stop',NULL,NULL,NULL,NULL,NULL,NULL,NULL,NULL,NULL,NULL),(51,'207120307813327','2014-11-14 15:37:24',0,2.5,0,87.7,60.1,0,'stop','stop',NULL,NULL,NULL,NULL,NULL,NULL,NULL,NULL,NULL,NULL),(52,'207120307813327','2014-11-14 15:38:01',0,2.9,0,87.7,60.1,0,'stop','stop',NULL,NULL,NULL,NULL,NULL,NULL,NULL,NULL,NULL,NULL),(53,'207120307813327','2014-11-14 15:38:38',0,2.4,0,87.7,60.1,0,'stop','stop',NULL,NULL,NULL,NULL,NULL,NULL,NULL,NULL,NULL,NULL),(54,'207120307813327','2014-11-14 15:39:16',0,2.7,0,87.7,60.1,0,'stop','stop',NULL,NULL,NULL,NULL,NULL,NULL,NULL,NULL,NULL,NULL),(55,'207120307813327','2014-11-14 15:39:53',0,3.5,0,87.7,60.1,0,'stop','stop',NULL,NULL,NULL,NULL,NULL,NULL,NULL,NULL,NULL,NULL),(56,'207120307813327','2014-11-14 15:40:30',0,3.2,0,87.7,60.1,0,'stop','stop',NULL,NULL,NULL,NULL,NULL,NULL,NULL,NULL,NULL,NULL),(57,'207120307813327','2014-11-14 15:41:08',0,4.6,0,87.7,58.7,0,'stop','stop',NULL,NULL,NULL,NULL,NULL,NULL,NULL,NULL,NULL,NULL),(58,'207120307813327','2014-11-14 15:41:45',0,4.1,0,87.7,58.8,0,'stop','stop',NULL,NULL,NULL,NULL,NULL,NULL,NULL,NULL,NULL,NULL),(59,'207120307813327','2014-11-14 15:42:22',0,2.9,0,87.7,58.7,0,'stop','stop',NULL,NULL,NULL,NULL,NULL,NULL,NULL,NULL,NULL,NULL),(60,'207120307813327','2014-11-14 15:43:00',0,2.6,0,87.7,58.5,0,'stop','stop',NULL,NULL,NULL,NULL,NULL,NULL,NULL,NULL,NULL,NULL),(61,'207120307813327','2014-11-14 15:43:37',0,2.8,0,87.7,58.5,0,'stop','stop',NULL,NULL,NULL,NULL,NULL,NULL,NULL,NULL,NULL,NULL),(62,'207120307813327','2014-11-14 15:44:14',0,2.7,0,87.7,58.5,0,'stop','stop',NULL,NULL,NULL,NULL,NULL,NULL,NULL,NULL,NULL,NULL),(63,'207120307813327','2014-11-14 15:44:52',0,2.7,0,87.7,58.5,0,'stop','stop',NULL,NULL,NULL,NULL,NULL,NULL,NULL,NULL,NULL,NULL),(64,'207120307813327','2014-11-14 15:45:29',0,3.2,0,87.7,58.6,0,'stop','stop',NULL,NULL,NULL,NULL,NULL,NULL,NULL,NULL,NULL,NULL),(65,'207120307813327','2014-11-14 15:46:06',0,2.7,0,87.7,58.6,0,'stop','stop',NULL,NULL,NULL,NULL,NULL,NULL,NULL,NULL,NULL,NULL),(66,'207120307813327','2014-11-14 15:46:43',0,2.8,0,87.7,58.4,0,'stop','stop',NULL,NULL,NULL,NULL,NULL,NULL,NULL,NULL,NULL,NULL),(67,'207120307813327','2014-11-14 15:47:21',0,2.8,0,87.7,58.4,0,'stop','stop',NULL,NULL,NULL,NULL,NULL,NULL,NULL,NULL,NULL,NULL),(68,'207120307813327','2014-11-14 15:47:58',0,3.2,0,87.7,58.7,0,'stop','stop',NULL,NULL,NULL,NULL,NULL,NULL,NULL,NULL,NULL,NULL),(69,'207120307813327','2014-11-14 15:48:35',0,2.8,0,87.7,58.7,0,'stop','stop',NULL,NULL,NULL,NULL,NULL,NULL,NULL,NULL,NULL,NULL),(70,'207120307813327','2014-11-14 15:49:13',0,3.1,0,87.7,58.7,0,'stop','stop',NULL,NULL,NULL,NULL,NULL,NULL,NULL,NULL,NULL,NULL),(71,'207120307813327','2014-11-14 15:49:50',0,2.6,0,87.7,58.7,0,'stop','stop',NULL,NULL,NULL,NULL,NULL,NULL,NULL,NULL,NULL,NULL),(72,'207120307813327','2014-11-14 15:50:27',0,3.4,0,87.7,58.9,0,'stop','stop',NULL,NULL,NULL,NULL,NULL,NULL,NULL,NULL,NULL,NULL),(73,'207120307813327','2014-11-14 15:51:04',0,5.7,0,87.7,59.1,0,'stop','stop',NULL,NULL,NULL,NULL,NULL,NULL,NULL,NULL,NULL,NULL),(74,'207120307813327','2014-11-14 15:51:42',0,3.3,0,87.7,59.1,0,'stop','stop',NULL,NULL,NULL,NULL,NULL,NULL,NULL,NULL,NULL,NULL),(75,'207120307813327','2014-11-14 15:52:19',0,2.5,0,87.7,59,0,'stop','stop',NULL,NULL,NULL,NULL,NULL,NULL,NULL,NULL,NULL,NULL),(76,'207120307813327','2014-11-14 15:52:56',0,2.9,0,87.7,59,0,'stop','stop',NULL,NULL,NULL,NULL,NULL,NULL,NULL,NULL,NULL,NULL),(77,'207120307813327','2014-11-14 15:53:34',0,2.5,0,87.7,59,0,'stop','stop',NULL,NULL,NULL,NULL,NULL,NULL,NULL,NULL,NULL,NULL),(78,'207120307813327','2014-11-14 15:54:11',0,2.6,0,87.7,59,0,'stop','stop',NULL,NULL,NULL,NULL,NULL,NULL,NULL,NULL,NULL,NULL),(79,'207120307813327','2014-11-14 15:54:48',0,2.4,0,87.7,59,0,'stop','stop',NULL,NULL,NULL,NULL,NULL,NULL,NULL,NULL,NULL,NULL),(80,'207120307813327','2014-11-14 15:55:26',0,2.9,0,87.7,58.9,0,'stop','stop',NULL,NULL,NULL,NULL,NULL,NULL,NULL,NULL,NULL,NULL),(81,'207120307813327','2014-11-14 15:56:04',0,2.5,0,87.7,58.8,0,'stop','stop',NULL,NULL,NULL,NULL,NULL,NULL,NULL,NULL,NULL,NULL),(82,'207120307813327','2014-11-14 15:56:41',0,2.6,0,87.7,58.8,0,'stop','stop',NULL,NULL,NULL,NULL,NULL,NULL,NULL,NULL,NULL,NULL),(83,'207120307813327','2014-11-14 15:57:18',0,2.5,0,87.7,58.8,0,'stop','stop',NULL,NULL,NULL,NULL,NULL,NULL,NULL,NULL,NULL,NULL),(84,'207120307813327','2014-11-14 15:57:55',0,2.8,0,87.7,58.8,0,'stop','stop',NULL,NULL,NULL,NULL,NULL,NULL,NULL,NULL,NULL,NULL),(85,'207120307813327','2014-11-14 15:58:33',0,2.5,0,87.7,58.8,0,'stop','stop',NULL,NULL,NULL,NULL,NULL,NULL,NULL,NULL,NULL,NULL),(86,'207120307813327','2014-11-14 15:59:10',0,2.7,0,87.7,58.8,0,'stop','stop',NULL,NULL,NULL,NULL,NULL,NULL,NULL,NULL,NULL,NULL),(87,'207120307813327','2014-11-14 15:59:47',0,2.5,0,87.7,58.8,0,'stop','stop',NULL,NULL,NULL,NULL,NULL,NULL,NULL,NULL,NULL,NULL),(88,'207120307813327','2014-11-14 16:00:24',0,2.6,0,87.7,58.8,0,'stop','stop',NULL,NULL,NULL,NULL,NULL,NULL,NULL,NULL,NULL,NULL),(89,'207120307813327','2014-11-14 16:01:02',0,4,0,87.7,59.2,0,'stop','stop',NULL,NULL,NULL,NULL,NULL,NULL,NULL,NULL,NULL,NULL),(90,'207120307813327','2014-11-14 16:01:39',0,4,0,87.7,59.1,0,'stop','stop',NULL,NULL,NULL,NULL,NULL,NULL,NULL,NULL,NULL,NULL),(91,'207120307813327','2014-11-14 16:02:17',0,4.9,0,87.7,59.3,0,'stop','stop',NULL,NULL,NULL,NULL,NULL,NULL,NULL,NULL,NULL,NULL),(92,'207120307813327','2014-11-14 16:02:54',0,3.5,0,87.7,59.2,0,'stop','stop',NULL,NULL,NULL,NULL,NULL,NULL,NULL,NULL,NULL,NULL),(93,'207120307813327','2014-11-14 16:03:31',0,6.9,0,87.7,59.5,0,'stop','stop',NULL,NULL,NULL,NULL,NULL,NULL,NULL,NULL,NULL,NULL),(94,'207120307813327','2014-11-14 16:04:08',0,3.4,0,87.7,59.2,0,'stop','stop',NULL,NULL,NULL,NULL,NULL,NULL,NULL,NULL,NULL,NULL),(95,'207120307813327','2014-11-14 16:04:46',0,4.2,0,87.7,59.3,0,'stop','stop',NULL,NULL,NULL,NULL,NULL,NULL,NULL,NULL,NULL,NULL),(96,'207120307813327','2014-11-14 16:05:23',0,8.4,0,87.7,60.6,0,'stop','stop',NULL,NULL,NULL,NULL,NULL,NULL,NULL,NULL,NULL,NULL),(97,'207120307813327','2014-11-14 16:06:00',0,7.1,0,87.7,61.1,0,'stop','stop',NULL,NULL,NULL,NULL,NULL,NULL,NULL,NULL,NULL,NULL),(98,'207120307813327','2014-11-14 16:06:38',0,9.8,0,87.7,64.1,0,'stop','stop',NULL,NULL,NULL,NULL,NULL,NULL,NULL,NULL,NULL,NULL),(99,'207120307813327','2014-11-14 16:07:15',0,9.4,0,87.7,62,0,'stop','stop',NULL,NULL,NULL,NULL,NULL,NULL,NULL,NULL,NULL,NULL),(100,'207120307813327','2014-11-14 16:07:52',0,6.4,0,87.7,62.5,0,'stop','stop',NULL,NULL,NULL,NULL,NULL,NULL,NULL,NULL,NULL,NULL),(101,'207120307813327','2014-11-14 16:08:29',0,9.8,0,87.7,63,0,'stop','stop',NULL,NULL,NULL,NULL,NULL,NULL,NULL,NULL,NULL,NULL),(102,'207120307813327','2014-11-14 16:09:07',0,11.7,0,87.7,64.1,0,'stop','stop',NULL,NULL,NULL,NULL,NULL,NULL,NULL,NULL,NULL,NULL),(103,'207120307813327','2014-11-14 16:09:44',0,8.3,0,87.7,63.3,0,'stop','stop',NULL,NULL,NULL,NULL,NULL,NULL,NULL,NULL,NULL,NULL),(104,'207120307813327','2014-11-14 16:10:21',0,3.9,0,87.7,62.9,0,'stop','stop',NULL,NULL,NULL,NULL,NULL,NULL,NULL,NULL,NULL,NULL),(105,'207120307813327','2014-11-14 16:10:59',0,3.9,0,87.7,62.3,0,'stop','stop',NULL,NULL,NULL,NULL,NULL,NULL,NULL,NULL,NULL,NULL),(106,'207120307813327','2014-11-14 16:11:36',0,5,0,87.7,62.1,0,'stop','stop',NULL,NULL,NULL,NULL,NULL,NULL,NULL,NULL,NULL,NULL),(107,'207120307813327','2014-11-14 16:12:13',0,3.6,0,87.7,61.6,0,'stop','stop',NULL,NULL,NULL,NULL,NULL,NULL,NULL,NULL,NULL,NULL),(108,'207120307813327','2014-11-14 16:12:50',0,3.5,0,87.7,61.5,0,'stop','stop',NULL,NULL,NULL,NULL,NULL,NULL,NULL,NULL,NULL,NULL),(109,'207732457982325','2014-11-17 15:54:39',34,14.7,0,8.9,34.3,0,NULL,NULL,NULL,NULL,NULL,NULL,NULL,NULL,NULL,NULL,NULL,NULL),(110,'207732457982325','2014-11-17 15:55:25',30,7.7,25,8.9,35.1,1344,NULL,NULL,NULL,NULL,NULL,NULL,NULL,NULL,NULL,NULL,NULL,NULL),(111,'207732457982325','2014-11-17 15:56:11',30,10.7,25,8.9,32.2,1323,NULL,NULL,NULL,NULL,NULL,NULL,NULL,NULL,NULL,NULL,NULL,NULL),(112,'207732457982325','2014-11-17 15:57:18',38,8.3,0,8.9,35.3,0,NULL,NULL,NULL,NULL,NULL,NULL,NULL,NULL,NULL,NULL,NULL,NULL),(113,'207732457982325','2014-11-17 15:58:04',31,2.8,26,8.9,34,1352,NULL,NULL,NULL,NULL,NULL,NULL,NULL,NULL,NULL,NULL,NULL,NULL),(114,'207732457982325','2014-11-17 15:58:50',29,0.8,26,8.9,32.6,1324,NULL,NULL,NULL,NULL,NULL,NULL,NULL,NULL,NULL,NULL,NULL,NULL),(115,'207732457982325','2014-11-17 15:59:36',29,0.3,26,8.9,32.5,1332,NULL,NULL,NULL,NULL,NULL,NULL,NULL,NULL,NULL,NULL,NULL,NULL),(116,'207732457982325','2014-11-17 16:00:21',29,1,26,8.9,32.5,1362,NULL,NULL,NULL,NULL,NULL,NULL,NULL,NULL,NULL,NULL,NULL,NULL),(117,'207732457982325','2014-11-17 16:01:07',29,0.3,26,8.9,32.5,1332,NULL,NULL,NULL,NULL,NULL,NULL,NULL,NULL,NULL,NULL,NULL,NULL),(118,'207732457982325','2014-11-17 16:01:53',29,0.4,26,8.9,32.5,1330,NULL,NULL,NULL,NULL,NULL,NULL,NULL,NULL,NULL,NULL,NULL,NULL),(119,'207732457982325','2014-11-17 16:02:39',28,0.4,28,8.9,32.5,1365,NULL,NULL,NULL,NULL,NULL,NULL,NULL,NULL,NULL,NULL,NULL,NULL),(120,'207732457982325','2014-11-17 16:17:16',31,0.8,30,8.9,48.8,1339,NULL,NULL,NULL,NULL,NULL,NULL,NULL,NULL,NULL,NULL,NULL,NULL),(121,'207732457982325','2014-11-17 16:17:57',31,0.5,31,8.9,48.8,1371,NULL,NULL,NULL,NULL,NULL,NULL,NULL,NULL,NULL,NULL,NULL,NULL),(122,'207732457982325','2014-11-17 16:18:38',31,6.3,31,8.9,49.5,1348,NULL,NULL,NULL,NULL,NULL,NULL,NULL,NULL,NULL,NULL,NULL,NULL),(123,'207732457982325','2014-11-17 16:19:18',30,3.7,31,8.9,49.7,1373,NULL,NULL,NULL,NULL,NULL,NULL,NULL,NULL,NULL,NULL,NULL,NULL),(124,'207732457982325','2014-11-17 16:19:59',31,0.7,31,8.9,48.9,1376,NULL,NULL,NULL,NULL,NULL,NULL,NULL,NULL,NULL,NULL,NULL,NULL),(125,'207732457982325','2014-11-17 16:20:40',30,0.9,31,8.9,48.8,1374,NULL,NULL,NULL,NULL,NULL,NULL,NULL,NULL,NULL,NULL,NULL,NULL),(126,'207732457982325','2014-11-17 16:29:43',37,13.7,0,8.9,49.7,0,NULL,NULL,NULL,NULL,NULL,NULL,NULL,NULL,NULL,NULL,NULL,NULL),(127,'207732457982325','2014-11-17 16:30:24',30,5.7,31,8.9,49.7,1358,NULL,NULL,NULL,NULL,NULL,NULL,NULL,NULL,NULL,NULL,NULL,NULL),(128,'207732457982325','2014-11-17 16:31:05',31,4.1,31,8.9,49.6,1344,NULL,NULL,NULL,NULL,NULL,NULL,NULL,NULL,NULL,NULL,NULL,NULL),(129,'207732457982325','2014-11-17 16:31:46',31,2.1,31,8.9,49.6,1339,NULL,NULL,NULL,NULL,NULL,NULL,NULL,NULL,NULL,NULL,NULL,NULL),(130,'207732457982325','2014-11-17 16:32:26',30,1,31,8.9,48.7,1340,NULL,NULL,NULL,NULL,NULL,NULL,NULL,NULL,NULL,NULL,NULL,NULL),(131,'207732457982325','2014-11-17 16:33:07',30,2.3,31,8.9,48.9,1381,NULL,NULL,NULL,NULL,NULL,NULL,NULL,NULL,NULL,NULL,NULL,NULL),(132,'207732457982325','2014-11-17 16:33:48',31,0.6,31,8.9,49.1,1367,NULL,NULL,NULL,NULL,NULL,NULL,NULL,NULL,NULL,NULL,NULL,NULL),(133,'207732457982325','2014-11-17 16:34:29',30,2.1,31,8.9,49,1340,NULL,NULL,NULL,NULL,NULL,NULL,NULL,NULL,NULL,NULL,NULL,NULL),(134,'207732457982325','2014-11-17 16:35:10',31,0.7,31,8.9,49,1374,NULL,NULL,NULL,NULL,NULL,NULL,NULL,NULL,NULL,NULL,NULL,NULL),(135,'207732457982325','2014-11-17 16:35:51',30,2.6,31,8.9,49,1340,NULL,NULL,NULL,NULL,NULL,NULL,NULL,NULL,NULL,NULL,NULL,NULL),(136,'207732457982325','2014-11-17 16:36:31',31,2.9,31,8.9,49.5,1344,NULL,NULL,NULL,NULL,NULL,NULL,NULL,NULL,NULL,NULL,NULL,NULL),(137,'207732457982325','2014-11-17 16:37:12',32,1.3,31,8.9,49.4,1374,NULL,NULL,NULL,NULL,NULL,NULL,NULL,NULL,NULL,NULL,NULL,NULL),(138,'207732457982325','2014-11-17 16:37:53',32,3.8,31,8.9,50.1,1340,NULL,NULL,NULL,NULL,NULL,NULL,NULL,NULL,NULL,NULL,NULL,NULL),(139,'207732457982325','2014-11-17 16:38:34',31,3.2,31,8.9,50.1,1344,NULL,NULL,NULL,NULL,NULL,NULL,NULL,NULL,NULL,NULL,NULL,NULL),(140,'207732457982325','2014-11-17 16:39:15',31,2.7,31,8.9,50.3,1339,NULL,NULL,NULL,NULL,NULL,NULL,NULL,NULL,NULL,NULL,NULL,NULL),(141,'207732457982325','2014-11-17 16:39:55',31,1.8,31,8.9,50.3,1374,NULL,NULL,NULL,NULL,NULL,NULL,NULL,NULL,NULL,NULL,NULL,NULL),(142,'207732457982325','2014-11-17 16:40:36',30,2.2,31,8.9,50.3,1377,NULL,NULL,NULL,NULL,NULL,NULL,NULL,NULL,NULL,NULL,NULL,NULL),(143,'207732457982325','2014-11-17 16:41:17',31,5.9,31,8.9,50.3,1378,NULL,NULL,NULL,NULL,NULL,NULL,NULL,NULL,NULL,NULL,NULL,NULL),(144,'207732457982325','2014-11-17 16:41:58',31,0.5,31,8.9,50.5,1340,NULL,NULL,NULL,NULL,NULL,NULL,NULL,NULL,NULL,NULL,NULL,NULL),(145,'207732457982325','2014-11-17 16:42:39',30,0.8,31,8.9,49.7,1374,NULL,NULL,NULL,NULL,NULL,NULL,NULL,NULL,NULL,NULL,NULL,NULL),(146,'207732457982325','2014-11-17 16:43:20',31,0.6,31,8.9,49.7,1343,NULL,NULL,NULL,NULL,NULL,NULL,NULL,NULL,NULL,NULL,NULL,NULL),(147,'207732457982325','2014-11-17 16:44:00',30,0.6,31,8.9,49.7,1376,NULL,NULL,NULL,NULL,NULL,NULL,NULL,NULL,NULL,NULL,NULL,NULL),(148,'207732457982325','2014-11-17 16:44:41',31,1.9,31,8.9,50.6,1344,NULL,NULL,NULL,NULL,NULL,NULL,NULL,NULL,NULL,NULL,NULL,NULL),(149,'207732457982325','2014-11-17 16:45:22',30,1.1,32,8.9,50.6,1344,NULL,NULL,NULL,NULL,NULL,NULL,NULL,NULL,NULL,NULL,NULL,NULL),(150,'207732457982325','2014-11-17 16:46:03',31,0.6,32,8.9,50.2,1345,NULL,NULL,NULL,NULL,NULL,NULL,NULL,NULL,NULL,NULL,NULL,NULL),(151,'207732457982325','2014-11-17 16:46:44',31,0.6,32,8.9,50.1,1344,NULL,NULL,NULL,NULL,NULL,NULL,NULL,NULL,NULL,NULL,NULL,NULL),(152,'207732457982325','2014-11-17 16:47:25',30,0.6,32,8.9,50.2,1377,NULL,NULL,NULL,NULL,NULL,NULL,NULL,NULL,NULL,NULL,NULL,NULL),(153,'207732457982325','2014-11-17 16:48:06',30,0.4,32,8.9,50.2,1345,NULL,NULL,NULL,NULL,NULL,NULL,NULL,NULL,NULL,NULL,NULL,NULL),(154,'207732457982325','2014-11-17 16:48:46',29,0.4,32,8.9,50.1,1344,NULL,NULL,NULL,NULL,NULL,NULL,NULL,NULL,NULL,NULL,NULL,NULL),(155,'207732457982325','2014-11-17 16:49:27',30,0.3,32,8.9,50.2,1376,NULL,NULL,NULL,NULL,NULL,NULL,NULL,NULL,NULL,NULL,NULL,NULL),(156,'207732457982325','2014-11-17 16:50:08',30,0.5,32,8.9,50.2,1340,NULL,NULL,NULL,NULL,NULL,NULL,NULL,NULL,NULL,NULL,NULL,NULL),(157,'207732457982325','2014-11-17 16:50:49',30,1.4,32,8.9,50.2,1374,NULL,NULL,NULL,NULL,NULL,NULL,NULL,NULL,NULL,NULL,NULL,NULL),(158,'207732457982325','2014-11-17 16:51:30',30,0.5,32,8.9,50.3,1374,NULL,NULL,NULL,NULL,NULL,NULL,NULL,NULL,NULL,NULL,NULL,NULL),(159,'207732457982325','2014-11-17 16:52:11',29,0.4,32,8.9,50.3,1377,NULL,NULL,NULL,NULL,NULL,NULL,NULL,NULL,NULL,NULL,NULL,NULL),(160,'207732457982325','2014-11-17 16:52:52',30,0.5,32,8.9,50.1,1371,NULL,NULL,NULL,NULL,NULL,NULL,NULL,NULL,NULL,NULL,NULL,NULL),(161,'207732457982325','2014-11-17 16:53:33',30,0.9,32,8.9,50.1,1343,NULL,NULL,NULL,NULL,NULL,NULL,NULL,NULL,NULL,NULL,NULL,NULL),(162,'207732457982325','2014-11-17 16:54:13',30,3.3,32,8.9,50.1,1376,NULL,NULL,NULL,NULL,NULL,NULL,NULL,NULL,NULL,NULL,NULL,NULL),(163,'207732457982325','2014-11-17 16:54:54',30,5.1,32,8.9,49.9,1374,NULL,NULL,NULL,NULL,NULL,NULL,NULL,NULL,NULL,NULL,NULL,NULL),(164,'207732457982325','2014-11-17 16:55:35',30,3.1,32,8.9,50,1376,NULL,NULL,NULL,NULL,NULL,NULL,NULL,NULL,NULL,NULL,NULL,NULL),(165,'207732457982325','2014-11-17 16:56:16',32,8.1,32,8.9,52.8,1400,NULL,NULL,NULL,NULL,NULL,NULL,NULL,NULL,NULL,NULL,NULL,NULL),(166,'207732457982325','2014-11-17 16:56:57',33,7.4,32,8.9,50.1,1365,NULL,NULL,NULL,NULL,NULL,NULL,NULL,NULL,NULL,NULL,NULL,NULL),(167,'207732457982325','2014-11-17 16:57:37',30,1.8,32,8.9,50.2,1380,NULL,NULL,NULL,NULL,NULL,NULL,NULL,NULL,NULL,NULL,NULL,NULL),(168,'207732457982325','2014-11-17 16:58:18',30,0.6,32,8.9,49.2,1376,NULL,NULL,NULL,NULL,NULL,NULL,NULL,NULL,NULL,NULL,NULL,NULL),(169,'207732457982325','2014-11-17 16:58:59',30,3,32,8.9,49.1,1344,NULL,NULL,NULL,NULL,NULL,NULL,NULL,NULL,NULL,NULL,NULL,NULL),(170,'207732457982325','2014-11-17 16:59:40',31,2.9,32,8.9,49.2,1344,NULL,NULL,NULL,NULL,NULL,NULL,NULL,NULL,NULL,NULL,NULL,NULL),(171,'207732457982325','2014-11-17 17:00:21',30,0.8,32,8.9,49.2,1341,NULL,NULL,NULL,NULL,NULL,NULL,NULL,NULL,NULL,NULL,NULL,NULL),(172,'207732457982325','2014-11-17 17:01:02',30,1,32,8.9,49.1,1341,NULL,NULL,NULL,NULL,NULL,NULL,NULL,NULL,NULL,NULL,NULL,NULL),(173,'207732457982325','2014-11-17 17:01:43',30,2.9,32,8.9,49.3,1348,NULL,NULL,NULL,NULL,NULL,NULL,NULL,NULL,NULL,NULL,NULL,NULL),(174,'207732457982325','2014-11-17 17:02:23',30,5.6,32,8.9,49.1,1377,NULL,NULL,NULL,NULL,NULL,NULL,NULL,NULL,NULL,NULL,NULL,NULL),(175,'207732457982325','2014-11-17 17:03:04',30,3.6,32,8.9,49.1,1376,NULL,NULL,NULL,NULL,NULL,NULL,NULL,NULL,NULL,NULL,NULL,NULL),(176,'207732457982325','2014-11-17 17:03:45',31,2.6,32,8.9,48.9,1345,NULL,NULL,NULL,NULL,NULL,NULL,NULL,NULL,NULL,NULL,NULL,NULL),(177,'207732457982325','2014-11-17 17:04:26',31,4.2,32,8.9,48.9,1344,NULL,NULL,NULL,NULL,NULL,NULL,NULL,NULL,NULL,NULL,NULL,NULL),(178,'207732457982325','2014-11-17 17:05:06',31,6.4,32,8.9,49.9,1393,NULL,NULL,NULL,NULL,NULL,NULL,NULL,NULL,NULL,NULL,NULL,NULL),(179,'207732457982325','2014-11-17 17:05:47',31,1.4,32,8.9,49.9,1341,NULL,NULL,NULL,NULL,NULL,NULL,NULL,NULL,NULL,NULL,NULL,NULL),(180,'207732457982325','2014-11-17 17:06:28',30,1.3,32,8.9,50,1374,NULL,NULL,NULL,NULL,NULL,NULL,NULL,NULL,NULL,NULL,NULL,NULL),(181,'207732457982325','2014-11-17 17:07:09',31,1.5,32,8.9,49.3,1376,NULL,NULL,NULL,NULL,NULL,NULL,NULL,NULL,NULL,NULL,NULL,NULL),(182,'207732457982325','2014-11-17 17:07:50',31,0.7,32,8.9,48.8,1351,NULL,NULL,NULL,NULL,NULL,NULL,NULL,NULL,NULL,NULL,NULL,NULL),(183,'207732457982325','2014-11-17 17:08:31',31,0.4,32,8.9,48.9,1341,NULL,NULL,NULL,NULL,NULL,NULL,NULL,NULL,NULL,NULL,NULL,NULL),(184,'207732457982325','2014-11-17 17:09:12',30,1,32,8.9,48.8,1343,NULL,NULL,NULL,NULL,NULL,NULL,NULL,NULL,NULL,NULL,NULL,NULL),(185,'207732457982325','2014-11-17 17:09:53',31,0.4,32,8.9,49,1376,NULL,NULL,NULL,NULL,NULL,NULL,NULL,NULL,NULL,NULL,NULL,NULL),(186,'207732457982325','2014-11-17 17:10:33',31,0.9,32,8.9,49,1358,NULL,NULL,NULL,NULL,NULL,NULL,NULL,NULL,NULL,NULL,NULL,NULL),(187,'207732457982325','2014-11-17 17:11:14',32,2,32,8.9,48.9,1350,NULL,NULL,NULL,NULL,NULL,NULL,NULL,NULL,NULL,NULL,NULL,NULL),(188,'207732457982325','2014-11-17 17:11:55',31,0.9,32,8.9,48.9,1341,NULL,NULL,NULL,NULL,NULL,NULL,NULL,NULL,NULL,NULL,NULL,NULL),(189,'207732457982325','2014-11-17 17:12:36',31,1.6,32,8.9,48.9,1344,NULL,NULL,NULL,NULL,NULL,NULL,NULL,NULL,NULL,NULL,NULL,NULL),(190,'207732457982325','2014-11-17 17:13:17',30,1.7,32,8.9,48.9,1371,NULL,NULL,NULL,NULL,NULL,NULL,NULL,NULL,NULL,NULL,NULL,NULL),(191,'207732457982325','2014-11-17 17:13:58',30,1.5,32,8.9,48.9,1377,NULL,NULL,NULL,NULL,NULL,NULL,NULL,NULL,NULL,NULL,NULL,NULL),(192,'207732457982325','2014-11-17 17:14:39',31,0.9,32,8.9,48.9,1378,NULL,NULL,NULL,NULL,NULL,NULL,NULL,NULL,NULL,NULL,NULL,NULL),(193,'207732457982325','2014-11-17 17:15:19',31,0.4,32,8.9,49,1345,NULL,NULL,NULL,NULL,NULL,NULL,NULL,NULL,NULL,NULL,NULL,NULL),(194,'207732457982325','2014-11-17 17:16:00',30,0.6,32,8.9,49.1,1340,NULL,NULL,NULL,NULL,NULL,NULL,NULL,NULL,NULL,NULL,NULL,NULL),(195,'207732457982325','2014-11-17 17:16:41',31,0.5,32,8.9,49.1,1340,NULL,NULL,NULL,NULL,NULL,NULL,NULL,NULL,NULL,NULL,NULL,NULL),(196,'207732457982325','2014-11-17 17:17:22',32,2.8,32,8.9,48.9,1355,NULL,NULL,NULL,NULL,NULL,NULL,NULL,NULL,NULL,NULL,NULL,NULL),(197,'207732457982325','2014-11-17 17:18:03',31,0.5,32,8.9,49.1,1343,NULL,NULL,NULL,NULL,NULL,NULL,NULL,NULL,NULL,NULL,NULL,NULL),(198,'207732457982325','2014-11-17 17:18:44',31,0.5,32,8.9,48.9,1344,NULL,NULL,NULL,NULL,NULL,NULL,NULL,NULL,NULL,NULL,NULL,NULL),(199,'207732457982325','2014-11-17 17:19:24',32,4.9,32,8.9,49.7,1356,NULL,NULL,NULL,NULL,NULL,NULL,NULL,NULL,NULL,NULL,NULL,NULL),(200,'207732457982325','2014-11-17 17:20:05',32,5.6,32,8.9,50.3,1371,NULL,NULL,NULL,NULL,NULL,NULL,NULL,NULL,NULL,NULL,NULL,NULL),(201,'207732457982325','2014-11-17 17:20:46',31,3.4,32,8.9,50.4,1360,NULL,NULL,NULL,NULL,NULL,NULL,NULL,NULL,NULL,NULL,NULL,NULL),(202,'207732457982325','2014-11-17 17:21:27',31,2.1,32,8.9,50.4,1383,NULL,NULL,NULL,NULL,NULL,NULL,NULL,NULL,NULL,NULL,NULL,NULL),(203,'207732457982325','2014-11-17 17:22:08',31,0.8,32,8.9,50.4,1378,NULL,NULL,NULL,NULL,NULL,NULL,NULL,NULL,NULL,NULL,NULL,NULL),(204,'207732457982325','2014-11-17 17:22:48',31,0.6,32,8.9,50.4,1343,NULL,NULL,NULL,NULL,NULL,NULL,NULL,NULL,NULL,NULL,NULL,NULL),(205,'207732457982325','2014-11-17 17:23:29',31,5,32,8.9,50.4,1377,NULL,NULL,NULL,NULL,NULL,NULL,NULL,NULL,NULL,NULL,NULL,NULL),(206,'207732457982325','2014-11-17 17:24:10',32,4.2,32,8.9,50.4,1381,NULL,NULL,NULL,NULL,NULL,NULL,NULL,NULL,NULL,NULL,NULL,NULL),(207,'207732457982325','2014-11-17 17:24:51',31,2.4,32,8.9,50.5,1351,NULL,NULL,NULL,NULL,NULL,NULL,NULL,NULL,NULL,NULL,NULL,NULL),(208,'207732457982325','2014-11-17 17:25:31',32,3,32,8.9,51.4,1374,NULL,NULL,NULL,NULL,NULL,NULL,NULL,NULL,NULL,NULL,NULL,NULL),(209,'207732457982325','2014-11-17 17:26:12',31,0.9,32,8.9,51.5,1384,NULL,NULL,NULL,NULL,NULL,NULL,NULL,NULL,NULL,NULL,NULL,NULL),(210,'207732457982325','2014-11-17 17:26:53',31,1.8,32,8.9,51.4,1348,NULL,NULL,NULL,NULL,NULL,NULL,NULL,NULL,NULL,NULL,NULL,NULL),(211,'207732457982325','2014-11-17 17:27:34',31,1.5,32,8.9,51.4,1381,NULL,NULL,NULL,NULL,NULL,NULL,NULL,NULL,NULL,NULL,NULL,NULL),(212,'207732457982325','2014-11-17 17:28:15',31,0.6,32,8.9,51.5,1391,NULL,NULL,NULL,NULL,NULL,NULL,NULL,NULL,NULL,NULL,NULL,NULL),(213,'207732457982325','2014-11-17 17:28:56',31,1.4,32,8.9,51.4,1386,NULL,NULL,NULL,NULL,NULL,NULL,NULL,NULL,NULL,NULL,NULL,NULL),(214,'207732457982325','2014-11-17 17:29:37',31,0.7,32,8.9,50.9,1352,NULL,NULL,NULL,NULL,NULL,NULL,NULL,NULL,NULL,NULL,NULL,NULL),(215,'207732457982325','2014-11-17 17:30:17',31,0.8,32,8.9,50.5,1360,NULL,NULL,NULL,NULL,NULL,NULL,NULL,NULL,NULL,NULL,NULL,NULL),(216,'207732457982325','2014-11-17 17:30:58',31,0.6,32,8.9,50.5,1358,NULL,NULL,NULL,NULL,NULL,NULL,NULL,NULL,NULL,NULL,NULL,NULL),(217,'207732457982325','2014-11-17 17:31:39',30,1.1,32,8.9,50.3,1388,NULL,NULL,NULL,NULL,NULL,NULL,NULL,NULL,NULL,NULL,NULL,NULL),(218,'207732457982325','2014-11-17 17:32:20',32,0.5,32,8.9,50.4,1393,NULL,NULL,NULL,NULL,NULL,NULL,NULL,NULL,NULL,NULL,NULL,NULL),(219,'207732457982325','2014-11-17 17:33:01',31,0.8,32,8.9,50.3,1354,NULL,NULL,NULL,NULL,NULL,NULL,NULL,NULL,NULL,NULL,NULL,NULL),(220,'207732457982325','2014-11-17 17:33:42',31,4,32,8.9,50.5,1360,NULL,NULL,NULL,NULL,NULL,NULL,NULL,NULL,NULL,NULL,NULL,NULL),(221,'207732457982325','2014-11-17 17:34:22',31,4.6,32,8.9,50.7,1393,NULL,NULL,NULL,NULL,NULL,NULL,NULL,NULL,NULL,NULL,NULL,NULL),(222,'207732457982325','2014-11-17 17:35:03',31,0.8,32,8.9,50.4,1355,NULL,NULL,NULL,NULL,NULL,NULL,NULL,NULL,NULL,NULL,NULL,NULL),(223,'207732457982325','2014-11-17 17:35:44',32,0.8,32,8.9,49.5,1354,NULL,NULL,NULL,NULL,NULL,NULL,NULL,NULL,NULL,NULL,NULL,NULL),(224,'207732457982325','2014-11-17 17:36:25',31,0.5,32,8.9,49.2,1348,NULL,NULL,NULL,NULL,NULL,NULL,NULL,NULL,NULL,NULL,NULL,NULL),(225,'207732457982325','2014-11-17 17:37:06',30,0.5,32,8.9,49.3,1381,NULL,NULL,NULL,NULL,NULL,NULL,NULL,NULL,NULL,NULL,NULL,NULL),(226,'207732457982325','2014-11-17 17:37:47',31,0.4,32,8.9,49.1,1354,NULL,NULL,NULL,NULL,NULL,NULL,NULL,NULL,NULL,NULL,NULL,NULL),(227,'207732457982325','2014-11-17 17:38:28',31,1,32,8.9,49.1,1351,NULL,NULL,NULL,NULL,NULL,NULL,NULL,NULL,NULL,NULL,NULL,NULL),(228,'207732457982325','2014-11-17 17:39:09',31,6.8,32,8.9,50.1,1362,NULL,NULL,NULL,NULL,NULL,NULL,NULL,NULL,NULL,NULL,NULL,NULL),(229,'207732457982325','2014-11-17 17:39:50',37,7.2,32,8.9,50.4,1404,NULL,NULL,NULL,NULL,NULL,NULL,NULL,NULL,NULL,NULL,NULL,NULL),(230,'207732457982325','2014-11-17 17:40:31',32,1.1,32,8.9,50.2,1358,NULL,NULL,NULL,NULL,NULL,NULL,NULL,NULL,NULL,NULL,NULL,NULL),(231,'207732457982325','2014-11-17 17:41:12',31,1.8,32,8.9,49.9,1362,NULL,NULL,NULL,NULL,NULL,NULL,NULL,NULL,NULL,NULL,NULL,NULL),(232,'207732457982325','2014-11-17 17:41:52',31,0.5,32,8.9,49.7,1388,NULL,NULL,NULL,NULL,NULL,NULL,NULL,NULL,NULL,NULL,NULL,NULL),(233,'207732457982325','2014-11-17 17:42:33',31,1.4,32,8.9,50,1348,NULL,NULL,NULL,NULL,NULL,NULL,NULL,NULL,NULL,NULL,NULL,NULL),(234,'207732457982325','2014-11-17 17:43:14',31,1.1,32,8.9,50,1344,NULL,NULL,NULL,NULL,NULL,NULL,NULL,NULL,NULL,NULL,NULL,NULL),(235,'207732457982325','2014-11-17 17:43:55',31,0.5,32,8.9,50.1,1360,NULL,NULL,NULL,NULL,NULL,NULL,NULL,NULL,NULL,NULL,NULL,NULL),(236,'207732457982325','2014-11-17 17:44:36',30,1.9,32,8.9,50.7,1386,NULL,NULL,NULL,NULL,NULL,NULL,NULL,NULL,NULL,NULL,NULL,NULL),(237,'207732457982325','2014-11-17 17:45:17',31,1.3,32,8.9,50.1,1377,NULL,NULL,NULL,NULL,NULL,NULL,NULL,NULL,NULL,NULL,NULL,NULL),(238,'207732457982325','2014-11-17 17:45:57',30,1.9,32,8.9,49.7,1393,NULL,NULL,NULL,NULL,NULL,NULL,NULL,NULL,NULL,NULL,NULL,NULL),(239,'207732457982325','2014-11-17 17:46:38',31,2.2,32,8.9,49.7,1381,NULL,NULL,NULL,NULL,NULL,NULL,NULL,NULL,NULL,NULL,NULL,NULL),(240,'207732457982325','2014-11-17 17:47:19',32,6.7,32,8.9,52.1,1362,NULL,NULL,NULL,NULL,NULL,NULL,NULL,NULL,NULL,NULL,NULL,NULL),(241,'207732457982325','2014-11-17 17:47:59',32,5.9,32,8.9,52.4,1391,NULL,NULL,NULL,NULL,NULL,NULL,NULL,NULL,NULL,NULL,NULL,NULL),(242,'207732457982325','2014-11-17 17:48:40',31,1.6,32,8.9,52.3,1391,NULL,NULL,NULL,NULL,NULL,NULL,NULL,NULL,NULL,NULL,NULL,NULL),(243,'207732457982325','2014-11-17 17:49:21',31,4.1,32,8.9,53,1360,NULL,NULL,NULL,NULL,NULL,NULL,NULL,NULL,NULL,NULL,NULL,NULL),(244,'207732457982325','2014-11-17 17:50:02',32,9.5,32,8.9,55.1,1396,NULL,NULL,NULL,NULL,NULL,NULL,NULL,NULL,NULL,NULL,NULL,NULL),(245,'207732457982325','2014-11-17 17:50:43',32,3,32,8.9,55.3,1396,NULL,NULL,NULL,NULL,NULL,NULL,NULL,NULL,NULL,NULL,NULL,NULL),(246,'207732457982325','2014-11-17 17:51:24',31,0.8,32,8.9,54.8,1359,NULL,NULL,NULL,NULL,NULL,NULL,NULL,NULL,NULL,NULL,NULL,NULL),(247,'207732457982325','2014-11-17 17:52:05',32,4.6,32,8.9,55.4,1347,NULL,NULL,NULL,NULL,NULL,NULL,NULL,NULL,NULL,NULL,NULL,NULL),(248,'207732457982325','2014-11-17 17:52:45',31,0.8,32,8.9,55.5,1367,NULL,NULL,NULL,NULL,NULL,NULL,NULL,NULL,NULL,NULL,NULL,NULL),(249,'207732457982325','2014-11-17 17:53:26',30,3.2,32,8.9,55.1,1363,NULL,NULL,NULL,NULL,NULL,NULL,NULL,NULL,NULL,NULL,NULL,NULL),(250,'207732457982325','2014-11-17 17:54:07',31,7.4,32,8.9,54.7,1358,NULL,NULL,NULL,NULL,NULL,NULL,NULL,NULL,NULL,NULL,NULL,NULL),(251,'207732457982325','2014-11-17 17:54:48',33,5.7,32,8.9,55.2,1370,NULL,NULL,NULL,NULL,NULL,NULL,NULL,NULL,NULL,NULL,NULL,NULL),(252,'207732457982325','2014-11-17 17:55:28',32,6.5,32,8.9,55.2,1393,NULL,NULL,NULL,NULL,NULL,NULL,NULL,NULL,NULL,NULL,NULL,NULL),(253,'207732457982325','2014-11-17 17:56:09',31,6.3,32,8.9,55.8,1396,NULL,NULL,NULL,NULL,NULL,NULL,NULL,NULL,NULL,NULL,NULL,NULL),(254,'207732457982325','2014-11-17 17:56:50',31,2.4,32,8.9,55.6,1359,NULL,NULL,NULL,NULL,NULL,NULL,NULL,NULL,NULL,NULL,NULL,NULL),(255,'207732457982325','2014-11-17 17:57:31',31,1.2,32,8.9,55.8,1351,NULL,NULL,NULL,NULL,NULL,NULL,NULL,NULL,NULL,NULL,NULL,NULL),(256,'207732457982325','2014-11-17 17:58:12',31,1.1,32,8.9,55.4,1381,NULL,NULL,NULL,NULL,NULL,NULL,NULL,NULL,NULL,NULL,NULL,NULL),(257,'207732457982325','2014-11-17 17:58:52',31,1,32,8.9,55.4,1388,NULL,NULL,NULL,NULL,NULL,NULL,NULL,NULL,NULL,NULL,NULL,NULL),(258,'207732457982325','2014-11-17 17:59:33',32,5.3,32,8.9,55.4,1350,NULL,NULL,NULL,NULL,NULL,NULL,NULL,NULL,NULL,NULL,NULL,NULL),(259,'207732457982325','2014-11-17 18:00:14',31,0.7,32,8.9,55.3,1355,NULL,NULL,NULL,NULL,NULL,NULL,NULL,NULL,NULL,NULL,NULL,NULL),(260,'207732457982325','2014-11-17 18:00:55',31,0.9,32,8.9,55.5,1381,NULL,NULL,NULL,NULL,NULL,NULL,NULL,NULL,NULL,NULL,NULL,NULL),(261,'207732457982325','2014-11-17 18:01:36',31,0.5,32,8.9,55.5,1350,NULL,NULL,NULL,NULL,NULL,NULL,NULL,NULL,NULL,NULL,NULL,NULL),(262,'207732457982325','2014-11-17 18:02:17',31,0.7,32,8.9,55.3,1343,NULL,NULL,NULL,NULL,NULL,NULL,NULL,NULL,NULL,NULL,NULL,NULL),(263,'207732457982325','2014-11-17 18:02:57',32,10,32,8.9,57.2,1431,NULL,NULL,NULL,NULL,NULL,NULL,NULL,NULL,NULL,NULL,NULL,NULL),(264,'207732457982325','2014-11-17 18:03:38',31,1.8,32,8.9,56.8,1358,NULL,NULL,NULL,NULL,NULL,NULL,NULL,NULL,NULL,NULL,NULL,NULL),(265,'207732457982325','2014-11-17 18:04:19',31,3.4,32,8.9,57,1386,NULL,NULL,NULL,NULL,NULL,NULL,NULL,NULL,NULL,NULL,NULL,NULL),(266,'207732457982325','2014-11-17 18:05:00',30,1.9,32,8.9,57.2,1347,NULL,NULL,NULL,NULL,NULL,NULL,NULL,NULL,NULL,NULL,NULL,NULL),(267,'207732457982325','2014-11-17 18:05:40',31,8.9,32,8.9,57.7,1381,NULL,NULL,NULL,NULL,NULL,NULL,NULL,NULL,NULL,NULL,NULL,NULL),(268,'207732457982325','2014-11-17 18:06:21',32,6.3,32,8.9,56.7,1396,NULL,NULL,NULL,NULL,NULL,NULL,NULL,NULL,NULL,NULL,NULL,NULL),(269,'207732457982325','2014-11-17 18:07:02',31,7.8,32,8.9,56.5,1406,NULL,NULL,NULL,NULL,NULL,NULL,NULL,NULL,NULL,NULL,NULL,NULL),(270,'207732457982325','2014-11-17 18:07:42',32,5.4,32,8.9,56.4,1352,NULL,NULL,NULL,NULL,NULL,NULL,NULL,NULL,NULL,NULL,NULL,NULL),(271,'207732457982325','2014-11-17 18:08:23',30,3.8,32,8.9,56.6,1388,NULL,NULL,NULL,NULL,NULL,NULL,NULL,NULL,NULL,NULL,NULL,NULL),(272,'207732457982325','2014-11-17 18:09:04',32,1.5,32,8.9,56.6,1347,NULL,NULL,NULL,NULL,NULL,NULL,NULL,NULL,NULL,NULL,NULL,NULL),(273,'207732457982325','2014-11-17 18:09:45',30,0.5,32,8.9,56.7,1345,NULL,NULL,NULL,NULL,NULL,NULL,NULL,NULL,NULL,NULL,NULL,NULL),(274,'207732457982325','2014-11-17 18:10:26',30,1.1,32,8.9,56.7,1358,NULL,NULL,NULL,NULL,NULL,NULL,NULL,NULL,NULL,NULL,NULL,NULL),(275,'207732457982325','2014-11-17 18:11:06',32,1,32,8.9,56.9,1378,NULL,NULL,NULL,NULL,NULL,NULL,NULL,NULL,NULL,NULL,NULL,NULL),(276,'207732457982325','2014-11-17 18:11:47',31,2.5,32,8.9,56.8,1383,NULL,NULL,NULL,NULL,NULL,NULL,NULL,NULL,NULL,NULL,NULL,NULL),(277,'207732457982325','2014-11-17 18:12:28',31,5.9,32,8.9,57,1354,NULL,NULL,NULL,NULL,NULL,NULL,NULL,NULL,NULL,NULL,NULL,NULL),(278,'207732457982325','2014-11-17 18:13:09',32,2.1,32,8.9,57.2,1387,NULL,NULL,NULL,NULL,NULL,NULL,NULL,NULL,NULL,NULL,NULL,NULL),(279,'207732457982325','2014-11-17 18:13:50',31,0.8,32,8.9,57,1341,NULL,NULL,NULL,NULL,NULL,NULL,NULL,NULL,NULL,NULL,NULL,NULL),(280,'207732457982325','2014-11-17 18:14:31',31,0.9,32,8.9,56.8,1347,NULL,NULL,NULL,NULL,NULL,NULL,NULL,NULL,NULL,NULL,NULL,NULL),(281,'207732457982325','2014-11-17 18:15:11',31,0.7,32,8.9,56.8,1348,NULL,NULL,NULL,NULL,NULL,NULL,NULL,NULL,NULL,NULL,NULL,NULL),(282,'207732457982325','2014-11-17 18:15:52',31,1.8,32,8.9,56.7,1376,NULL,NULL,NULL,NULL,NULL,NULL,NULL,NULL,NULL,NULL,NULL,NULL),(283,'207732457982325','2014-11-17 18:16:33',32,10.2,32,8.9,60.8,1393,NULL,NULL,NULL,NULL,NULL,NULL,NULL,NULL,NULL,NULL,NULL,NULL),(284,'207732457982325','2014-11-17 18:17:13',32,3,32,8.9,60.4,1360,NULL,NULL,NULL,NULL,NULL,NULL,NULL,NULL,NULL,NULL,NULL,NULL),(285,'207732457982325','2014-11-17 18:17:54',31,2.4,32,8.9,60,1394,NULL,NULL,NULL,NULL,NULL,NULL,NULL,NULL,NULL,NULL,NULL,NULL),(286,'207732457982325','2014-11-17 18:18:35',31,3.3,32,8.9,59.3,1393,NULL,NULL,NULL,NULL,NULL,NULL,NULL,NULL,NULL,NULL,NULL,NULL),(287,'207732457982325','2014-11-17 18:19:15',31,4.8,32,8.9,59.3,1401,NULL,NULL,NULL,NULL,NULL,NULL,NULL,NULL,NULL,NULL,NULL,NULL),(288,'207732457982325','2014-11-17 18:19:56',33,8.5,32,8.9,60.3,1369,NULL,NULL,NULL,NULL,NULL,NULL,NULL,NULL,NULL,NULL,NULL,NULL),(289,'207732457982325','2014-11-17 18:20:37',32,4.3,32,8.9,60.4,1419,NULL,NULL,NULL,NULL,NULL,NULL,NULL,NULL,NULL,NULL,NULL,NULL),(290,'207732457982325','2014-11-17 18:21:17',31,1.2,32,8.9,60.3,1396,NULL,NULL,NULL,NULL,NULL,NULL,NULL,NULL,NULL,NULL,NULL,NULL),(291,'207732457982325','2014-11-17 18:21:58',32,1.1,32,8.9,60.2,1362,NULL,NULL,NULL,NULL,NULL,NULL,NULL,NULL,NULL,NULL,NULL,NULL),(292,'207732457982325','2014-11-17 18:22:39',31,1.2,32,8.9,60.1,1362,NULL,NULL,NULL,NULL,NULL,NULL,NULL,NULL,NULL,NULL,NULL,NULL),(293,'207732457982325','2014-11-17 18:23:20',31,0.8,32,8.9,60.1,1348,NULL,NULL,NULL,NULL,NULL,NULL,NULL,NULL,NULL,NULL,NULL,NULL),(294,'207732457982325','2014-11-17 18:24:01',32,0.6,32,8.9,60.2,1388,NULL,NULL,NULL,NULL,NULL,NULL,NULL,NULL,NULL,NULL,NULL,NULL),(295,'207732457982325','2014-11-17 18:24:42',31,0.8,32,8.9,60.2,1365,NULL,NULL,NULL,NULL,NULL,NULL,NULL,NULL,NULL,NULL,NULL,NULL),(296,'207732457982325','2014-11-17 18:25:23',32,0.8,32,8.9,60.2,1388,NULL,NULL,NULL,NULL,NULL,NULL,NULL,NULL,NULL,NULL,NULL,NULL),(297,'207732457982325','2014-11-17 18:26:03',31,1.1,32,8.9,60.3,1354,NULL,NULL,NULL,NULL,NULL,NULL,NULL,NULL,NULL,NULL,NULL,NULL),(298,'207732457982325','2014-11-17 18:26:44',31,0.7,32,8.9,60.2,1381,NULL,NULL,NULL,NULL,NULL,NULL,NULL,NULL,NULL,NULL,NULL,NULL),(299,'207732457982325','2014-11-17 18:27:25',31,0.6,32,8.9,60.1,1355,NULL,NULL,NULL,NULL,NULL,NULL,NULL,NULL,NULL,NULL,NULL,NULL),(300,'207732457982325','2014-11-17 18:28:06',31,0.6,32,8.9,60.2,1360,NULL,NULL,NULL,NULL,NULL,NULL,NULL,NULL,NULL,NULL,NULL,NULL),(301,'207732457982325','2014-11-17 18:28:47',31,0.6,32,8.9,60.1,1347,NULL,NULL,NULL,NULL,NULL,NULL,NULL,NULL,NULL,NULL,NULL,NULL),(302,'207732457982325','2014-11-17 18:29:28',31,0.8,32,8.9,60.1,1378,NULL,NULL,NULL,NULL,NULL,NULL,NULL,NULL,NULL,NULL,NULL,NULL),(303,'207732457982325','2014-11-17 18:30:09',31,0.8,32,8.9,60.2,1359,NULL,NULL,NULL,NULL,NULL,NULL,NULL,NULL,NULL,NULL,NULL,NULL),(304,'207732457982325','2014-11-17 18:30:49',31,0.8,32,8.9,60,1391,NULL,NULL,NULL,NULL,NULL,NULL,NULL,NULL,NULL,NULL,NULL,NULL),(305,'207732457982325','2014-11-17 18:31:30',31,0.9,32,8.9,60.1,1359,NULL,NULL,NULL,NULL,NULL,NULL,NULL,NULL,NULL,NULL,NULL,NULL),(306,'207732457982325','2014-11-17 18:32:11',31,0.7,32,8.9,60.1,1378,NULL,NULL,NULL,NULL,NULL,NULL,NULL,NULL,NULL,NULL,NULL,NULL),(307,'207732457982325','2014-11-17 18:32:52',31,0.8,32,8.9,60.1,1378,NULL,NULL,NULL,NULL,NULL,NULL,NULL,NULL,NULL,NULL,NULL,NULL),(308,'207732457982325','2014-11-17 18:33:33',31,0.8,32,8.9,60.1,1348,NULL,NULL,NULL,NULL,NULL,NULL,NULL,NULL,NULL,NULL,NULL,NULL),(309,'207732457982325','2014-11-17 18:34:14',31,0.7,32,8.9,60.1,1360,NULL,NULL,NULL,NULL,NULL,NULL,NULL,NULL,NULL,NULL,NULL,NULL),(310,'207732457982325','2014-11-17 18:34:55',31,0.7,32,8.9,59.9,1396,NULL,NULL,NULL,NULL,NULL,NULL,NULL,NULL,NULL,NULL,NULL,NULL),(311,'207732457982325','2014-11-17 18:35:35',32,0.7,32,8.9,60,1365,NULL,NULL,NULL,NULL,NULL,NULL,NULL,NULL,NULL,NULL,NULL,NULL),(312,'207732457982325','2014-11-17 18:36:16',31,1.1,32,8.9,60,1360,NULL,NULL,NULL,NULL,NULL,NULL,NULL,NULL,NULL,NULL,NULL,NULL),(313,'207732457982325','2014-11-17 18:36:57',32,1.2,32,8.9,60,1350,NULL,NULL,NULL,NULL,NULL,NULL,NULL,NULL,NULL,NULL,NULL,NULL),(314,'207732457982325','2014-11-17 18:37:38',31,1,32,8.9,59.7,1388,NULL,NULL,NULL,NULL,NULL,NULL,NULL,NULL,NULL,NULL,NULL,NULL),(315,'207732457982325','2014-11-17 18:38:19',31,0.5,32,8.9,59.8,1396,NULL,NULL,NULL,NULL,NULL,NULL,NULL,NULL,NULL,NULL,NULL,NULL),(316,'207732457982325','2014-11-17 18:39:00',32,0.5,32,8.9,59.9,1362,NULL,NULL,NULL,NULL,NULL,NULL,NULL,NULL,NULL,NULL,NULL,NULL),(317,'207732457982325','2014-11-17 18:39:41',31,0.7,32,8.9,59.9,1365,NULL,NULL,NULL,NULL,NULL,NULL,NULL,NULL,NULL,NULL,NULL,NULL),(318,'207732457982325','2014-11-17 18:40:21',31,0.6,32,8.9,59.7,1384,NULL,NULL,NULL,NULL,NULL,NULL,NULL,NULL,NULL,NULL,NULL,NULL),(319,'207732457982325','2014-11-17 18:41:02',31,1.1,32,8.9,59.9,1397,NULL,NULL,NULL,NULL,NULL,NULL,NULL,NULL,NULL,NULL,NULL,NULL),(320,'207732457982325','2014-11-17 18:41:43',31,2.8,32,8.9,59.7,1360,NULL,NULL,NULL,NULL,NULL,NULL,NULL,NULL,NULL,NULL,NULL,NULL),(321,'207732457982325','2014-11-17 18:42:24',31,6.8,32,8.9,60,1391,NULL,NULL,NULL,NULL,NULL,NULL,NULL,NULL,NULL,NULL,NULL,NULL),(322,'207732457982325','2014-11-17 18:43:05',31,1.7,32,8.9,60.1,1360,NULL,NULL,NULL,NULL,NULL,NULL,NULL,NULL,NULL,NULL,NULL,NULL),(323,'207732457982325','2014-11-17 18:43:45',33,0.9,32,8.9,60,1397,NULL,NULL,NULL,NULL,NULL,NULL,NULL,NULL,NULL,NULL,NULL,NULL),(324,'207732457982325','2014-11-17 18:44:26',32,0.9,32,8.9,59.9,1362,NULL,NULL,NULL,NULL,NULL,NULL,NULL,NULL,NULL,NULL,NULL,NULL),(325,'207732457982325','2014-11-17 18:45:07',31,1,32,8.9,59.7,1396,NULL,NULL,NULL,NULL,NULL,NULL,NULL,NULL,NULL,NULL,NULL,NULL),(326,'207732457982325','2014-11-17 18:45:48',31,0.6,32,8.9,59.8,1367,NULL,NULL,NULL,NULL,NULL,NULL,NULL,NULL,NULL,NULL,NULL,NULL),(327,'207732457982325','2014-11-17 18:46:29',31,2,32,8.9,59.8,1396,NULL,NULL,NULL,NULL,NULL,NULL,NULL,NULL,NULL,NULL,NULL,NULL),(328,'207732457982325','2014-11-17 18:47:10',31,5.5,32,8.9,59.5,1410,NULL,NULL,NULL,NULL,NULL,NULL,NULL,NULL,NULL,NULL,NULL,NULL),(329,'207732457982325','2014-11-17 18:47:51',31,2.5,32,8.9,59.7,1397,NULL,NULL,NULL,NULL,NULL,NULL,NULL,NULL,NULL,NULL,NULL,NULL),(330,'207732457982325','2014-11-17 18:48:32',31,1.1,32,8.9,59.8,1360,NULL,NULL,NULL,NULL,NULL,NULL,NULL,NULL,NULL,NULL,NULL,NULL),(331,'207732457982325','2014-11-17 18:49:13',31,0.6,32,8.9,59.8,1397,NULL,NULL,NULL,NULL,NULL,NULL,NULL,NULL,NULL,NULL,NULL,NULL),(332,'207732457982325','2014-11-17 18:49:54',32,1.2,32,8.9,59.8,1397,NULL,NULL,NULL,NULL,NULL,NULL,NULL,NULL,NULL,NULL,NULL,NULL),(333,'207732457982325','2014-11-17 18:50:35',31,1.9,32,8.9,59.9,1362,NULL,NULL,NULL,NULL,NULL,NULL,NULL,NULL,NULL,NULL,NULL,NULL),(334,'207732457982325','2014-11-17 18:51:15',31,0.9,32,8.9,60,1362,NULL,NULL,NULL,NULL,NULL,NULL,NULL,NULL,NULL,NULL,NULL,NULL),(335,'207732457982325','2014-11-17 18:51:56',31,1,32,8.9,59.8,1391,NULL,NULL,NULL,NULL,NULL,NULL,NULL,NULL,NULL,NULL,NULL,NULL),(336,'207732457982325','2014-11-17 18:52:37',31,1,32,8.9,59.9,1365,NULL,NULL,NULL,NULL,NULL,NULL,NULL,NULL,NULL,NULL,NULL,NULL),(337,'207732457982325','2014-11-17 18:53:18',32,1,32,8.9,59.9,1390,NULL,NULL,NULL,NULL,NULL,NULL,NULL,NULL,NULL,NULL,NULL,NULL),(338,'207732457982325','2014-11-17 18:53:59',32,3.9,32,8.9,59.9,1369,NULL,NULL,NULL,NULL,NULL,NULL,NULL,NULL,NULL,NULL,NULL,NULL),(339,'207732457982325','2014-11-17 18:54:40',31,4,32,8.9,60,1397,NULL,NULL,NULL,NULL,NULL,NULL,NULL,NULL,NULL,NULL,NULL,NULL),(340,'207732457982325','2014-11-17 18:55:20',32,9.8,32,8.9,60.6,1413,NULL,NULL,NULL,NULL,NULL,NULL,NULL,NULL,NULL,NULL,NULL,NULL),(341,'207732457982325','2014-11-17 18:56:01',32,3.7,32,8.9,60.5,1401,NULL,NULL,NULL,NULL,NULL,NULL,NULL,NULL,NULL,NULL,NULL,NULL),(342,'207732457982325','2014-11-17 18:56:42',31,1.8,32,8.9,60.7,1397,NULL,NULL,NULL,NULL,NULL,NULL,NULL,NULL,NULL,NULL,NULL,NULL),(343,'207732457982325','2014-11-17 18:57:23',32,5.9,32,8.9,60.6,1401,NULL,NULL,NULL,NULL,NULL,NULL,NULL,NULL,NULL,NULL,NULL,NULL),(344,'207732457982325','2014-11-17 18:58:03',35,8,32,8.9,60,1397,NULL,NULL,NULL,NULL,NULL,NULL,NULL,NULL,NULL,NULL,NULL,NULL),(345,'207732457982325','2014-11-17 18:58:44',33,8.9,32,8.9,59.8,1424,NULL,NULL,NULL,NULL,NULL,NULL,NULL,NULL,NULL,NULL,NULL,NULL),(346,'207732457982325','2014-11-17 18:59:25',33,1.6,32,8.9,59.7,1394,NULL,NULL,NULL,NULL,NULL,NULL,NULL,NULL,NULL,NULL,NULL,NULL),(347,'207732457982325','2014-11-17 19:00:05',31,5.9,32,8.9,59.9,1396,NULL,NULL,NULL,NULL,NULL,NULL,NULL,NULL,NULL,NULL,NULL,NULL),(348,'207732457982325','2014-11-17 19:00:46',31,4.8,32,8.9,59.9,1362,NULL,NULL,NULL,NULL,NULL,NULL,NULL,NULL,NULL,NULL,NULL,NULL),(349,'207732457982325','2014-11-17 19:01:27',31,3.7,32,8.9,59.5,1363,NULL,NULL,NULL,NULL,NULL,NULL,NULL,NULL,NULL,NULL,NULL,NULL),(350,'207732457982325','2014-11-17 19:02:07',32,0.8,32,8.9,59.6,1362,NULL,NULL,NULL,NULL,NULL,NULL,NULL,NULL,NULL,NULL,NULL,NULL),(351,'207732457982325','2014-11-17 19:02:48',32,1.8,32,8.9,59.3,1362,NULL,NULL,NULL,NULL,NULL,NULL,NULL,NULL,NULL,NULL,NULL,NULL),(352,'207732457982325','2014-11-17 19:03:29',31,0.9,32,8.9,59.4,1365,NULL,NULL,NULL,NULL,NULL,NULL,NULL,NULL,NULL,NULL,NULL,NULL),(353,'207732457982325','2014-11-17 19:04:09',31,0.9,32,8.9,59.3,1391,NULL,NULL,NULL,NULL,NULL,NULL,NULL,NULL,NULL,NULL,NULL,NULL),(354,'207732457982325','2014-11-17 19:04:50',30,1.1,32,8.9,59.3,1363,NULL,NULL,NULL,NULL,NULL,NULL,NULL,NULL,NULL,NULL,NULL,NULL),(355,'207732457982325','2014-11-17 19:05:31',32,1.2,32,8.9,59.2,1397,NULL,NULL,NULL,NULL,NULL,NULL,NULL,NULL,NULL,NULL,NULL,NULL),(356,'207732457982325','2014-11-17 19:06:12',32,1,32,8.9,59.3,1394,NULL,NULL,NULL,NULL,NULL,NULL,NULL,NULL,NULL,NULL,NULL,NULL),(357,'207732457982325','2014-11-17 19:06:52',32,7.4,32,8.9,59.6,1393,NULL,NULL,NULL,NULL,NULL,NULL,NULL,NULL,NULL,NULL,NULL,NULL),(358,'207732457982325','2014-11-17 19:07:33',33,1.3,32,8.9,58.8,1396,NULL,NULL,NULL,NULL,NULL,NULL,NULL,NULL,NULL,NULL,NULL,NULL),(359,'207732457982325','2014-11-17 19:08:14',31,0.8,32,8.9,58.7,1358,NULL,NULL,NULL,NULL,NULL,NULL,NULL,NULL,NULL,NULL,NULL,NULL),(360,'207732457982325','2014-11-17 19:08:55',31,3.7,32,8.9,58.7,1367,NULL,NULL,NULL,NULL,NULL,NULL,NULL,NULL,NULL,NULL,NULL,NULL),(361,'207732457982325','2014-11-17 19:09:35',31,2.2,32,8.9,58.5,1360,NULL,NULL,NULL,NULL,NULL,NULL,NULL,NULL,NULL,NULL,NULL,NULL),(362,'207732457982325','2014-11-17 19:10:16',31,1.9,32,8.9,58.5,1351,NULL,NULL,NULL,NULL,NULL,NULL,NULL,NULL,NULL,NULL,NULL,NULL),(363,'207732457982325','2014-11-17 19:10:56',31,1.2,32,8.9,58.2,1398,NULL,NULL,NULL,NULL,NULL,NULL,NULL,NULL,NULL,NULL,NULL,NULL),(364,'207732457982325','2014-11-17 19:11:37',30,1.2,32,8.9,58,1355,NULL,NULL,NULL,NULL,NULL,NULL,NULL,NULL,NULL,NULL,NULL,NULL),(365,'207732457982325','2014-11-17 19:12:17',31,0.7,32,8.9,58,1396,NULL,NULL,NULL,NULL,NULL,NULL,NULL,NULL,NULL,NULL,NULL,NULL),(366,'207732457982325','2014-11-17 19:12:58',32,0.9,32,8.9,58,1365,NULL,NULL,NULL,NULL,NULL,NULL,NULL,NULL,NULL,NULL,NULL,NULL),(367,'207732457982325','2014-11-17 19:13:38',31,0.6,32,8.9,58,1390,NULL,NULL,NULL,NULL,NULL,NULL,NULL,NULL,NULL,NULL,NULL,NULL),(368,'207732457982325','2014-11-17 19:14:18',30,0.6,32,8.9,58,1396,NULL,NULL,NULL,NULL,NULL,NULL,NULL,NULL,NULL,NULL,NULL,NULL),(369,'207732457982325','2014-11-17 19:14:59',32,1,32,8.9,58.2,1387,NULL,NULL,NULL,NULL,NULL,NULL,NULL,NULL,NULL,NULL,NULL,NULL),(370,'207732457982325','2014-11-17 19:15:39',32,1.2,32,8.9,58.2,1359,NULL,NULL,NULL,NULL,NULL,NULL,NULL,NULL,NULL,NULL,NULL,NULL),(371,'207732457982325','2014-11-17 19:16:20',32,1.1,32,8.9,58.2,1397,NULL,NULL,NULL,NULL,NULL,NULL,NULL,NULL,NULL,NULL,NULL,NULL),(372,'207732457982325','2014-11-17 19:17:00',31,1,32,8.9,58,1362,NULL,NULL,NULL,NULL,NULL,NULL,NULL,NULL,NULL,NULL,NULL,NULL),(373,'207732457982325','2014-11-17 19:30:07',30,0.7,32,8.9,27.4,1341,NULL,NULL,NULL,NULL,NULL,NULL,NULL,NULL,NULL,NULL,NULL,NULL),(374,'207732457982325','2014-11-17 19:30:49',30,0.6,32,8.9,27.6,1371,NULL,NULL,NULL,NULL,NULL,NULL,NULL,NULL,NULL,NULL,NULL,NULL),(375,'207732457982325','2014-11-17 19:31:31',30,0.4,32,8.9,27.5,1345,NULL,NULL,NULL,NULL,NULL,NULL,NULL,NULL,NULL,NULL,NULL,NULL),(376,'207732457982325','2014-11-17 19:32:12',31,0.3,32,8.9,27.5,1374,NULL,NULL,NULL,NULL,NULL,NULL,NULL,NULL,NULL,NULL,NULL,NULL),(377,'207732457982325','2014-11-17 19:32:54',30,0.4,32,8.9,27.5,1373,NULL,NULL,NULL,NULL,NULL,NULL,NULL,NULL,NULL,NULL,NULL,NULL),(378,'207732457982325','2014-11-17 19:33:35',30,0.4,32,8.9,27.4,1341,NULL,NULL,NULL,NULL,NULL,NULL,NULL,NULL,NULL,NULL,NULL,NULL),(379,'207732457982325','2014-11-17 19:34:17',30,0.3,32,8.9,27.4,1371,NULL,NULL,NULL,NULL,NULL,NULL,NULL,NULL,NULL,NULL,NULL,NULL),(380,'207732457982325','2014-11-17 19:34:58',30,0.4,32,8.9,27.4,1341,NULL,NULL,NULL,NULL,NULL,NULL,NULL,NULL,NULL,NULL,NULL,NULL),(381,'207732457982325','2014-11-17 19:35:40',30,0.4,32,8.9,27.4,1376,NULL,NULL,NULL,NULL,NULL,NULL,NULL,NULL,NULL,NULL,NULL,NULL),(382,'207732457982325','2014-11-17 19:36:21',30,0.4,32,8.9,27.4,1370,NULL,NULL,NULL,NULL,NULL,NULL,NULL,NULL,NULL,NULL,NULL,NULL),(383,'207732457982325','2014-11-17 19:37:03',31,1.2,32,8.9,27.5,1339,NULL,NULL,NULL,NULL,NULL,NULL,NULL,NULL,NULL,NULL,NULL,NULL),(384,'207732457982325','2014-11-17 19:37:45',31,0.3,32,8.9,27.6,1374,NULL,NULL,NULL,NULL,NULL,NULL,NULL,NULL,NULL,NULL,NULL,NULL),(385,'207732457982325','2014-11-17 19:38:26',30,0.3,32,8.9,27.6,1340,NULL,NULL,NULL,NULL,NULL,NULL,NULL,NULL,NULL,NULL,NULL,NULL),(386,'207732457982325','2014-11-17 19:39:08',29,0.8,32,8.9,27.8,1374,NULL,NULL,NULL,NULL,NULL,NULL,NULL,NULL,NULL,NULL,NULL,NULL),(387,'207732457982325','2014-11-17 19:39:49',29,0.3,32,8.9,27.9,1374,NULL,NULL,NULL,NULL,NULL,NULL,NULL,NULL,NULL,NULL,NULL,NULL),(388,'207732457982325','2014-11-17 19:40:31',30,0.5,32,8.9,27.9,1339,NULL,NULL,NULL,NULL,NULL,NULL,NULL,NULL,NULL,NULL,NULL,NULL),(389,'207732457982325','2014-11-17 19:41:12',29,0.3,32,8.9,28.1,1374,NULL,NULL,NULL,NULL,NULL,NULL,NULL,NULL,NULL,NULL,NULL,NULL),(390,'207732457982325','2014-11-17 19:41:54',30,0.3,32,8.9,28.2,1337,NULL,NULL,NULL,NULL,NULL,NULL,NULL,NULL,NULL,NULL,NULL,NULL),(391,'207732457982325','2014-11-17 19:42:36',30,0.2,32,8.9,28.1,1370,NULL,NULL,NULL,NULL,NULL,NULL,NULL,NULL,NULL,NULL,NULL,NULL),(392,'207732457982325','2014-11-17 19:43:17',31,0.3,32,8.9,28.1,1370,NULL,NULL,NULL,NULL,NULL,NULL,NULL,NULL,NULL,NULL,NULL,NULL),(393,'207732457982325','2014-11-17 19:43:59',30,0.3,32,8.9,28.1,1337,NULL,NULL,NULL,NULL,NULL,NULL,NULL,NULL,NULL,NULL,NULL,NULL),(394,'207732457982325','2014-11-17 19:44:40',30,0.2,32,8.9,28.1,1373,NULL,NULL,NULL,NULL,NULL,NULL,NULL,NULL,NULL,NULL,NULL,NULL),(395,'207732457982325','2014-11-17 19:45:22',30,0.2,32,8.9,28.1,1340,NULL,NULL,NULL,NULL,NULL,NULL,NULL,NULL,NULL,NULL,NULL,NULL),(396,'207732457982325','2014-11-17 19:46:03',30,0.3,32,8.9,28.1,1337,NULL,NULL,NULL,NULL,NULL,NULL,NULL,NULL,NULL,NULL,NULL,NULL),(397,'207732457982325','2014-11-17 19:46:45',30,0.2,32,8.9,28.1,1340,NULL,NULL,NULL,NULL,NULL,NULL,NULL,NULL,NULL,NULL,NULL,NULL),(398,'207732457982325','2014-11-17 19:47:27',29,0.3,32,8.9,28.1,1373,NULL,NULL,NULL,NULL,NULL,NULL,NULL,NULL,NULL,NULL,NULL,NULL),(399,'207732457982325','2014-11-17 19:48:08',31,0.3,32,8.9,28.2,1339,NULL,NULL,NULL,NULL,NULL,NULL,NULL,NULL,NULL,NULL,NULL,NULL),(400,'207732457982325','2014-11-17 19:48:50',30,0.3,32,8.9,28.1,1371,NULL,NULL,NULL,NULL,NULL,NULL,NULL,NULL,NULL,NULL,NULL,NULL),(401,'207732457982325','2014-11-17 19:49:31',30,0.3,32,8.9,28.1,1374,NULL,NULL,NULL,NULL,NULL,NULL,NULL,NULL,NULL,NULL,NULL,NULL),(402,'207732457982325','2014-11-17 19:50:13',30,0.5,32,8.9,28.1,1339,NULL,NULL,NULL,NULL,NULL,NULL,NULL,NULL,NULL,NULL,NULL,NULL),(403,'207732457982325','2014-11-17 19:50:54',29,0.5,32,8.9,28.2,1344,NULL,NULL,NULL,NULL,NULL,NULL,NULL,NULL,NULL,NULL,NULL,NULL),(404,'207732457982325','2014-11-17 19:51:36',30,0.2,32,8.9,28.2,1369,NULL,NULL,NULL,NULL,NULL,NULL,NULL,NULL,NULL,NULL,NULL,NULL),(405,'207732457982325','2014-11-17 19:52:17',30,4.1,32,8.9,28.5,1370,NULL,NULL,NULL,NULL,NULL,NULL,NULL,NULL,NULL,NULL,NULL,NULL),(406,'207732457982325','2014-11-17 20:52:07',29,7.8,32,8.9,18.6,65535,NULL,NULL,NULL,NULL,NULL,NULL,NULL,NULL,NULL,NULL,NULL,NULL),(407,'207120307813327','2014-11-17 22:26:01',0,7.4,0,87.7,66.9,0,'stop','stop',NULL,NULL,NULL,NULL,NULL,NULL,NULL,NULL,NULL,NULL),(408,'207120307813327','2014-11-17 22:28:35',0,4.3,0,87.7,66.6,0,'stop','stop',NULL,NULL,NULL,NULL,NULL,NULL,NULL,NULL,NULL,NULL);
/*!40000 ALTER TABLE `mediaplayers_history` ENABLE KEYS */;
UNLOCK TABLES;

--
-- Table structure for table `shops`
--

DROP TABLE IF EXISTS `shops`;
/*!40101 SET @saved_cs_client     = @@character_set_client */;
/*!40101 SET character_set_client = utf8 */;
CREATE TABLE `shops` (
  `id` int(10) unsigned NOT NULL AUTO_INCREMENT,
  `name` varchar(60) DEFAULT NULL,
  `description` text,
  `check_required_count` int(11) unsigned DEFAULT NULL,
  `normal_count` int(11) unsigned DEFAULT NULL,
  `sub_count` int(11) unsigned DEFAULT NULL,
  `unresolved_count` int(11) unsigned DEFAULT NULL,
  `status` int(11) unsigned DEFAULT NULL,
  `FK_locations_id` int(11) unsigned DEFAULT NULL,
  PRIMARY KEY (`id`)
) ENGINE=InnoDB AUTO_INCREMENT=22 DEFAULT CHARSET=utf8;
/*!40101 SET character_set_client = @saved_cs_client */;

--
-- Dumping data for table `shops`
--

LOCK TABLES `shops` WRITE;
/*!40000 ALTER TABLE `shops` DISABLE KEYS */;
INSERT INTO `shops` VALUES (11,'CDE',NULL,0,1,1,0,0,1),(12,'Shop_00008',NULL,1,2,4,1,2,2),(13,'Shop_00006',NULL,1,1,2,0,1,3),(14,'Shop_00007',NULL,0,3,3,0,0,3),(15,'Shop_00001',NULL,0,6,6,0,0,4),(16,'Shop_00002',NULL,0,2,2,0,0,4),(17,'Shop_00003',NULL,0,3,3,0,0,5),(18,'Shop_00004',NULL,0,3,3,0,0,5),(19,'Shop_00005',NULL,0,2,2,0,0,5),(20,'Shop_11111',NULL,0,1,1,0,0,6),(21,'Shop_0001',NULL,0,1,1,0,0,4);
/*!40000 ALTER TABLE `shops` ENABLE KEYS */;
UNLOCK TABLES;

--
-- Table structure for table `sites`
--

DROP TABLE IF EXISTS `sites`;
/*!40101 SET @saved_cs_client     = @@character_set_client */;
/*!40101 SET character_set_client = utf8 */;
CREATE TABLE `sites` (
  `id` int(10) unsigned NOT NULL AUTO_INCREMENT,
  `name` varchar(60) DEFAULT NULL,
  `description` text,
  `check_required_count` int(11) unsigned DEFAULT NULL,
  `normal_count` int(11) unsigned DEFAULT NULL,
  `sub_count` int(11) unsigned DEFAULT NULL,
  `unresolved_count` int(11) unsigned DEFAULT NULL,
  `status` int(11) unsigned DEFAULT NULL,
  PRIMARY KEY (`id`)
) ENGINE=InnoDB AUTO_INCREMENT=5 DEFAULT CHARSET=utf8;
/*!40101 SET character_set_client = @saved_cs_client */;

--
-- Dumping data for table `sites`
--

LOCK TABLES `sites` WRITE;
/*!40000 ALTER TABLE `sites` DISABLE KEYS */;
INSERT INTO `sites` VALUES (1,'ABC',NULL,0,1,1,0,0),(2,'Tim Hortons',NULL,1,24,27,2,2);
/*!40000 ALTER TABLE `sites` ENABLE KEYS */;
UNLOCK TABLES;

--
-- Table structure for table `support_history`
--

DROP TABLE IF EXISTS `support_history`;
/*!40101 SET @saved_cs_client     = @@character_set_client */;
/*!40101 SET character_set_client = utf8 */;
CREATE TABLE `support_history` (
  `id` int(10) unsigned NOT NULL AUTO_INCREMENT,
  `userID` varchar(256) DEFAULT NULL,
  `action_date` datetime DEFAULT NULL,
  `mp_serial_number` varchar(256) DEFAULT NULL,
  `device` tinyint(3) DEFAULT NULL,
  `action_type` varchar(24) DEFAULT NULL,
  `action_command` varchar(24) DEFAULT NULL,
  `memo` text,
  PRIMARY KEY (`id`)
) ENGINE=InnoDB DEFAULT CHARSET=utf8;
/*!40101 SET character_set_client = @saved_cs_client */;

--
-- Dumping data for table `support_history`
--

LOCK TABLES `support_history` WRITE;
/*!40000 ALTER TABLE `support_history` DISABLE KEYS */;
/*!40000 ALTER TABLE `support_history` ENABLE KEYS */;
UNLOCK TABLES;

--
-- Table structure for table `tokens`
--

DROP TABLE IF EXISTS `tokens`;
/*!40101 SET @saved_cs_client     = @@character_set_client */;
/*!40101 SET character_set_client = utf8 */;
CREATE TABLE `tokens` (
  `id` int(10) unsigned NOT NULL AUTO_INCREMENT,
  `userID` varchar(256) DEFAULT NULL,
  `token` varchar(256) DEFAULT NULL,
  PRIMARY KEY (`id`)
) ENGINE=InnoDB AUTO_INCREMENT=3 DEFAULT CHARSET=utf8;
/*!40101 SET character_set_client = @saved_cs_client */;

--
-- Dumping data for table `tokens`
--

LOCK TABLES `tokens` WRITE;
/*!40000 ALTER TABLE `tokens` DISABLE KEYS */;
/*!40000 ALTER TABLE `tokens` ENABLE KEYS */;
UNLOCK TABLES;

--
-- Table structure for table `users`
--

DROP TABLE IF EXISTS `users`;
/*!40101 SET @saved_cs_client     = @@character_set_client */;
/*!40101 SET character_set_client = utf8 */;
CREATE TABLE `users` (
  `id` int(10) unsigned NOT NULL AUTO_INCREMENT,
  `userID` varchar(256) DEFAULT NULL,
  `userPW` varchar(256) DEFAULT NULL,
  `userName` varchar(256) DEFAULT NULL,
  `phone` varchar(30) DEFAULT NULL,
  `email` varchar(256) DEFAULT NULL,
  `time_zone` int(11) DEFAULT NULL,
  `date_format` int(11) DEFAULT NULL,
  `refresh_time` int(11) DEFAULT NULL,
  PRIMARY KEY (`id`)
) ENGINE=InnoDB AUTO_INCREMENT=3 DEFAULT CHARSET=utf8;
/*!40101 SET character_set_client = @saved_cs_client */;

--
-- Dumping data for table `users`
--

LOCK TABLES `users` WRITE;
/*!40000 ALTER TABLE `users` DISABLE KEYS */;
INSERT INTO `users` VALUES (1,'test','*94BDCEBE19083CE2A1F959FD02F964C7AF4CFC29','KSM','010-6477-3706','ksm@koino.net',NULL,NULL,3000),(2,'rainmaker','*120F880CDDF6959856CB6849AADAE0307D6A1958','KHC',' ',' ',0,0,3000);
/*!40000 ALTER TABLE `users` ENABLE KEYS */;
UNLOCK TABLES;
/*!40103 SET TIME_ZONE=@OLD_TIME_ZONE */;

/*!40101 SET SQL_MODE=@OLD_SQL_MODE */;
/*!40014 SET FOREIGN_KEY_CHECKS=@OLD_FOREIGN_KEY_CHECKS */;
/*!40014 SET UNIQUE_CHECKS=@OLD_UNIQUE_CHECKS */;
/*!40101 SET CHARACTER_SET_CLIENT=@OLD_CHARACTER_SET_CLIENT */;
/*!40101 SET CHARACTER_SET_RESULTS=@OLD_CHARACTER_SET_RESULTS */;
/*!40101 SET COLLATION_CONNECTION=@OLD_COLLATION_CONNECTION */;
/*!40111 SET SQL_NOTES=@OLD_SQL_NOTES */;

-- Dump completed on 2014-11-18 11:44:05
